Datetime,Close
2024-08-15 09:30:00-04:00,169.52000427246094
2024-08-15 09:32:30-04:00,169.1999969482422
2024-08-15 09:35:00-04:00,169.07000732421875
2024-08-15 09:37:30-04:00,168.67999267578125
2024-08-15 09:40:00-04:00,168.56460571289062
2024-08-15 09:42:30-04:00,168.7550048828125
2024-08-15 09:45:00-04:00,168.9499969482422
2024-08-15 09:47:30-04:00,168.86500549316406
2024-08-15 09:50:00-04:00,168.5800018310547
2024-08-15 09:52:30-04:00,168.49000549316406
2024-08-15 09:55:00-04:00,168.3795928955078
2024-08-15 09:57:30-04:00,168.2100067138672
2024-08-15 10:00:00-04:00,168.02999877929688
2024-08-15 10:02:30-04:00,167.9600067138672
2024-08-15 10:05:00-04:00,167.97999572753906
2024-08-15 10:07:30-04:00,167.6999969482422
2024-08-15 10:10:00-04:00,167.68499755859375
2024-08-15 10:12:30-04:00,167.66000366210938
2024-08-15 10:15:00-04:00,167.6125030517578
2024-08-15 10:17:30-04:00,167.60000610351562
2024-08-15 10:20:00-04:00,167.5399932861328
2024-08-15 10:22:30-04:00,167.42999267578125
2024-08-15 10:25:00-04:00,167.67990112304688
2024-08-15 10:27:30-04:00,167.77999877929688
2024-08-15 10:30:00-04:00,167.64999389648438
2024-08-15 10:32:30-04:00,167.58999633789062
2024-08-15 10:35:00-04:00,167.57000732421875
2024-08-15 10:37:30-04:00,167.41000366210938
2024-08-15 10:40:00-04:00,167.4199981689453
2024-08-15 10:42:30-04:00,167.44500732421875
2024-08-15 10:45:00-04:00,167.2550048828125
2024-08-15 10:47:30-04:00,167.10000610351562
2024-08-15 10:50:00-04:00,167.23500061035156
2024-08-15 10:52:30-04:00,167.30999755859375
2024-08-15 10:55:00-04:00,167.27999877929688
2024-08-15 10:57:30-04:00,167.3300018310547
2024-08-15 11:00:00-04:00,167.22999572753906
2024-08-15 11:02:30-04:00,167.22999572753906
2024-08-15 11:05:00-04:00,167.2899932861328
2024-08-15 11:07:30-04:00,167.16000366210938
2024-08-15 11:10:00-04:00,167.07000732421875
2024-08-15 11:12:30-04:00,167.13999938964844
2024-08-15 11:15:00-04:00,167.19000244140625
2024-08-15 11:17:30-04:00,167.21499633789062
2024-08-15 11:20:00-04:00,167.07249450683594
2024-08-15 11:22:30-04:00,167.00999450683594
2024-08-15 11:25:00-04:00,166.98500061035156
2024-08-15 11:27:30-04:00,166.99000549316406
2024-08-15 11:30:00-04:00,166.9499969482422
2024-08-15 11:32:30-04:00,167.00999450683594
2024-08-15 11:35:00-04:00,167.1699981689453
2024-08-15 11:37:30-04:00,167.1300048828125
2024-08-15 11:40:00-04:00,166.9499969482422
2024-08-15 11:42:30-04:00,166.85000610351562
2024-08-15 11:45:00-04:00,166.94500732421875
2024-08-15 11:47:30-04:00,166.99000549316406
2024-08-15 11:50:00-04:00,167.02000427246094
2024-08-15 11:52:30-04:00,166.91000366210938
2024-08-15 11:55:00-04:00,166.86500549316406
2024-08-15 11:57:30-04:00,166.83999633789062
2024-08-15 12:00:00-04:00,166.9199981689453
2024-08-15 12:02:30-04:00,167.00999450683594
2024-08-15 12:05:00-04:00,166.99000549316406
2024-08-15 12:07:30-04:00,167.00999450683594
2024-08-15 12:10:00-04:00,167.0800018310547
2024-08-15 12:12:30-04:00,167.14999389648438
2024-08-15 12:15:00-04:00,167.4532928466797
2024-08-15 12:17:30-04:00,167.40499877929688
2024-08-15 12:20:00-04:00,167.42999267578125
2024-08-15 12:22:30-04:00,167.52000427246094
2024-08-15 12:25:00-04:00,167.7100067138672
2024-08-15 12:27:30-04:00,167.63999938964844
2024-08-15 12:30:00-04:00,167.6699981689453
2024-08-15 12:32:30-04:00,167.69000244140625
2024-08-15 12:35:00-04:00,167.69000244140625
2024-08-15 12:37:30-04:00,167.5399932861328
2024-08-15 12:40:00-04:00,167.34300231933594
2024-08-15 12:42:30-04:00,167.2899932861328
2024-08-15 12:45:00-04:00,167.3199005126953
2024-08-15 12:47:30-04:00,167.4600067138672
2024-08-15 12:50:00-04:00,167.49000549316406
2024-08-15 12:52:30-04:00,167.4600067138672
2024-08-15 12:55:00-04:00,167.4199981689453
2024-08-15 12:57:30-04:00,167.4550018310547
2024-08-15 13:00:00-04:00,167.19000244140625
2024-08-15 13:02:30-04:00,167.31500244140625
2024-08-15 13:05:00-04:00,167.16000366210938
2024-08-15 13:07:30-04:00,167.13999938964844
2024-08-15 13:10:00-04:00,167.1260986328125
2024-08-15 13:12:30-04:00,166.9774932861328
2024-08-15 13:15:00-04:00,166.99000549316406
2024-08-15 13:17:30-04:00,167.38999938964844
2024-08-15 13:20:00-04:00,167.47999572753906
2024-08-15 13:22:30-04:00,167.4499969482422
2024-08-15 13:25:00-04:00,167.4600067138672
2024-08-15 13:27:30-04:00,167.4499969482422
2024-08-15 13:30:00-04:00,167.44000244140625
2024-08-15 13:32:30-04:00,167.3800048828125
2024-08-15 13:35:00-04:00,167.50999450683594
2024-08-15 13:37:30-04:00,167.52000427246094
2024-08-15 13:40:00-04:00,167.38999938964844
2024-08-15 13:42:30-04:00,167.3699951171875
2024-08-15 13:45:00-04:00,167.22000122070312
2024-08-15 13:47:30-04:00,167.19000244140625
2024-08-15 13:50:00-04:00,167.1649932861328
2024-08-15 13:52:30-04:00,167.0800018310547
2024-08-15 13:55:00-04:00,167.36500549316406
2024-08-15 13:57:30-04:00,167.32000732421875
2024-08-15 14:00:00-04:00,167.38999938964844
2024-08-15 14:02:30-04:00,167.44500732421875
2024-08-15 14:05:00-04:00,167.6199951171875
2024-08-15 14:07:30-04:00,167.60000610351562
2024-08-15 14:10:00-04:00,167.6300048828125
2024-08-15 14:12:30-04:00,167.68499755859375
2024-08-15 14:15:00-04:00,167.67999267578125
2024-08-15 14:17:30-04:00,167.625
2024-08-15 14:20:00-04:00,167.63999938964844
2024-08-15 14:22:30-04:00,167.6199951171875
2024-08-15 14:25:00-04:00,167.8800048828125
2024-08-15 14:27:30-04:00,167.8365020751953
2024-08-15 14:30:00-04:00,167.8800048828125
2024-08-15 14:32:30-04:00,167.89500427246094
2024-08-15 14:35:00-04:00,167.91000366210938
2024-08-15 14:37:30-04:00,167.94000244140625
2024-08-15 14:40:00-04:00,167.94000244140625
2024-08-15 14:42:30-04:00,167.90989685058594
2024-08-15 14:45:00-04:00,167.83999633789062
2024-08-15 14:47:30-04:00,167.7899932861328
2024-08-15 14:50:00-04:00,167.91000366210938
2024-08-15 14:52:30-04:00,167.9499969482422
2024-08-15 14:55:00-04:00,168.0
2024-08-15 14:57:30-04:00,167.97999572753906
2024-08-15 15:00:00-04:00,168.02000427246094
2024-08-15 15:02:30-04:00,168.1199951171875
2024-08-15 15:05:00-04:00,168.19000244140625
2024-08-15 15:07:30-04:00,168.1699981689453
2024-08-15 15:10:00-04:00,168.22999572753906
2024-08-15 15:12:30-04:00,168.25999450683594
2024-08-15 15:15:00-04:00,168.28500366210938
2024-08-15 15:17:30-04:00,168.23500061035156
2024-08-15 15:20:00-04:00,168.0399932861328
2024-08-15 15:22:30-04:00,167.99000549316406
2024-08-15 15:25:00-04:00,168.11000061035156
2024-08-15 15:27:30-04:00,168.05499267578125
2024-08-15 15:30:00-04:00,167.92100524902344
2024-08-15 15:32:30-04:00,167.92889404296875
2024-08-15 15:35:00-04:00,167.97999572753906
2024-08-15 15:37:30-04:00,167.99000549316406
2024-08-15 15:40:00-04:00,167.85000610351562
2024-08-15 15:42:30-04:00,167.8498992919922
2024-08-15 15:45:00-04:00,167.88499450683594
2024-08-15 15:47:30-04:00,167.7100067138672
2024-08-15 15:50:00-04:00,167.6699981689453
2024-08-15 15:52:30-04:00,167.69000244140625
2024-08-15 15:55:00-04:00,167.5749969482422
2024-08-15 15:57:30-04:00,167.9199981689453
2024-08-15 16:00:00-04:00,
2024-08-15 16:02:30-04:00,
2024-08-15 16:05:00-04:00,
2024-08-15 16:07:30-04:00,
2024-08-15 16:10:00-04:00,
2024-08-15 16:12:30-04:00,
2024-08-15 16:15:00-04:00,
2024-08-15 16:17:30-04:00,
2024-08-15 16:20:00-04:00,
2024-08-15 16:22:30-04:00,
2024-08-15 16:25:00-04:00,
2024-08-15 16:27:30-04:00,
2024-08-15 16:30:00-04:00,
2024-08-15 16:32:30-04:00,
2024-08-15 16:35:00-04:00,
2024-08-15 16:37:30-04:00,
2024-08-15 16:40:00-04:00,
2024-08-15 16:42:30-04:00,
2024-08-15 16:45:00-04:00,
2024-08-15 16:47:30-04:00,
2024-08-15 16:50:00-04:00,
2024-08-15 16:52:30-04:00,
2024-08-15 16:55:00-04:00,
2024-08-15 16:57:30-04:00,
2024-08-15 17:00:00-04:00,
2024-08-15 17:02:30-04:00,
2024-08-15 17:05:00-04:00,
2024-08-15 17:07:30-04:00,
2024-08-15 17:10:00-04:00,
2024-08-15 17:12:30-04:00,
2024-08-15 17:15:00-04:00,
2024-08-15 17:17:30-04:00,
2024-08-15 17:20:00-04:00,
2024-08-15 17:22:30-04:00,
2024-08-15 17:25:00-04:00,
2024-08-15 17:27:30-04:00,
2024-08-15 17:30:00-04:00,
2024-08-15 17:32:30-04:00,
2024-08-15 17:35:00-04:00,
2024-08-15 17:37:30-04:00,
2024-08-15 17:40:00-04:00,
2024-08-15 17:42:30-04:00,
2024-08-15 17:45:00-04:00,
2024-08-15 17:47:30-04:00,
2024-08-15 17:50:00-04:00,
2024-08-15 17:52:30-04:00,
2024-08-15 17:55:00-04:00,
2024-08-15 17:57:30-04:00,
2024-08-15 18:00:00-04:00,
2024-08-15 18:02:30-04:00,
2024-08-15 18:05:00-04:00,
2024-08-15 18:07:30-04:00,
2024-08-15 18:10:00-04:00,
2024-08-15 18:12:30-04:00,
2024-08-15 18:15:00-04:00,
2024-08-15 18:17:30-04:00,
2024-08-15 18:20:00-04:00,
2024-08-15 18:22:30-04:00,
2024-08-15 18:25:00-04:00,
2024-08-15 18:27:30-04:00,
2024-08-15 18:30:00-04:00,
2024-08-15 18:32:30-04:00,
2024-08-15 18:35:00-04:00,
2024-08-15 18:37:30-04:00,
2024-08-15 18:40:00-04:00,
2024-08-15 18:42:30-04:00,
2024-08-15 18:45:00-04:00,
2024-08-15 18:47:30-04:00,
2024-08-15 18:50:00-04:00,
2024-08-15 18:52:30-04:00,
2024-08-15 18:55:00-04:00,
2024-08-15 18:57:30-04:00,
2024-08-15 19:00:00-04:00,
2024-08-15 19:02:30-04:00,
2024-08-15 19:05:00-04:00,
2024-08-15 19:07:30-04:00,
2024-08-15 19:10:00-04:00,
2024-08-15 19:12:30-04:00,
2024-08-15 19:15:00-04:00,
2024-08-15 19:17:30-04:00,
2024-08-15 19:20:00-04:00,
2024-08-15 19:22:30-04:00,
2024-08-15 19:25:00-04:00,
2024-08-15 19:27:30-04:00,
2024-08-15 19:30:00-04:00,
2024-08-15 19:32:30-04:00,
2024-08-15 19:35:00-04:00,
2024-08-15 19:37:30-04:00,
2024-08-15 19:40:00-04:00,
2024-08-15 19:42:30-04:00,
2024-08-15 19:45:00-04:00,
2024-08-15 19:47:30-04:00,
2024-08-15 19:50:00-04:00,
2024-08-15 19:52:30-04:00,
2024-08-15 19:55:00-04:00,
2024-08-15 19:57:30-04:00,
2024-08-15 20:00:00-04:00,
2024-08-15 20:02:30-04:00,
2024-08-15 20:05:00-04:00,
2024-08-15 20:07:30-04:00,
2024-08-15 20:10:00-04:00,
2024-08-15 20:12:30-04:00,
2024-08-15 20:15:00-04:00,
2024-08-15 20:17:30-04:00,
2024-08-15 20:20:00-04:00,
2024-08-15 20:22:30-04:00,
2024-08-15 20:25:00-04:00,
2024-08-15 20:27:30-04:00,
2024-08-15 20:30:00-04:00,
2024-08-15 20:32:30-04:00,
2024-08-15 20:35:00-04:00,
2024-08-15 20:37:30-04:00,
2024-08-15 20:40:00-04:00,
2024-08-15 20:42:30-04:00,
2024-08-15 20:45:00-04:00,
2024-08-15 20:47:30-04:00,
2024-08-15 20:50:00-04:00,
2024-08-15 20:52:30-04:00,
2024-08-15 20:55:00-04:00,
2024-08-15 20:57:30-04:00,
2024-08-15 21:00:00-04:00,
2024-08-15 21:02:30-04:00,
2024-08-15 21:05:00-04:00,
2024-08-15 21:07:30-04:00,
2024-08-15 21:10:00-04:00,
2024-08-15 21:12:30-04:00,
2024-08-15 21:15:00-04:00,
2024-08-15 21:17:30-04:00,
2024-08-15 21:20:00-04:00,
2024-08-15 21:22:30-04:00,
2024-08-15 21:25:00-04:00,
2024-08-15 21:27:30-04:00,
2024-08-15 21:30:00-04:00,
2024-08-15 21:32:30-04:00,
2024-08-15 21:35:00-04:00,
2024-08-15 21:37:30-04:00,
2024-08-15 21:40:00-04:00,
2024-08-15 21:42:30-04:00,
2024-08-15 21:45:00-04:00,
2024-08-15 21:47:30-04:00,
2024-08-15 21:50:00-04:00,
2024-08-15 21:52:30-04:00,
2024-08-15 21:55:00-04:00,
2024-08-15 21:57:30-04:00,
2024-08-15 22:00:00-04:00,
2024-08-15 22:02:30-04:00,
2024-08-15 22:05:00-04:00,
2024-08-15 22:07:30-04:00,
2024-08-15 22:10:00-04:00,
2024-08-15 22:12:30-04:00,
2024-08-15 22:15:00-04:00,
2024-08-15 22:17:30-04:00,
2024-08-15 22:20:00-04:00,
2024-08-15 22:22:30-04:00,
2024-08-15 22:25:00-04:00,
2024-08-15 22:27:30-04:00,
2024-08-15 22:30:00-04:00,
2024-08-15 22:32:30-04:00,
2024-08-15 22:35:00-04:00,
2024-08-15 22:37:30-04:00,
2024-08-15 22:40:00-04:00,
2024-08-15 22:42:30-04:00,
2024-08-15 22:45:00-04:00,
2024-08-15 22:47:30-04:00,
2024-08-15 22:50:00-04:00,
2024-08-15 22:52:30-04:00,
2024-08-15 22:55:00-04:00,
2024-08-15 22:57:30-04:00,
2024-08-15 23:00:00-04:00,
2024-08-15 23:02:30-04:00,
2024-08-15 23:05:00-04:00,
2024-08-15 23:07:30-04:00,
2024-08-15 23:10:00-04:00,
2024-08-15 23:12:30-04:00,
2024-08-15 23:15:00-04:00,
2024-08-15 23:17:30-04:00,
2024-08-15 23:20:00-04:00,
2024-08-15 23:22:30-04:00,
2024-08-15 23:25:00-04:00,
2024-08-15 23:27:30-04:00,
2024-08-15 23:30:00-04:00,
2024-08-15 23:32:30-04:00,
2024-08-15 23:35:00-04:00,
2024-08-15 23:37:30-04:00,
2024-08-15 23:40:00-04:00,
2024-08-15 23:42:30-04:00,
2024-08-15 23:45:00-04:00,
2024-08-15 23:47:30-04:00,
2024-08-15 23:50:00-04:00,
2024-08-15 23:52:30-04:00,
2024-08-15 23:55:00-04:00,
2024-08-15 23:57:30-04:00,
2024-08-16 00:00:00-04:00,
2024-08-16 00:02:30-04:00,
2024-08-16 00:05:00-04:00,
2024-08-16 00:07:30-04:00,
2024-08-16 00:10:00-04:00,
2024-08-16 00:12:30-04:00,
2024-08-16 00:15:00-04:00,
2024-08-16 00:17:30-04:00,
2024-08-16 00:20:00-04:00,
2024-08-16 00:22:30-04:00,
2024-08-16 00:25:00-04:00,
2024-08-16 00:27:30-04:00,
2024-08-16 00:30:00-04:00,
2024-08-16 00:32:30-04:00,
2024-08-16 00:35:00-04:00,
2024-08-16 00:37:30-04:00,
2024-08-16 00:40:00-04:00,
2024-08-16 00:42:30-04:00,
2024-08-16 00:45:00-04:00,
2024-08-16 00:47:30-04:00,
2024-08-16 00:50:00-04:00,
2024-08-16 00:52:30-04:00,
2024-08-16 00:55:00-04:00,
2024-08-16 00:57:30-04:00,
2024-08-16 01:00:00-04:00,
2024-08-16 01:02:30-04:00,
2024-08-16 01:05:00-04:00,
2024-08-16 01:07:30-04:00,
2024-08-16 01:10:00-04:00,
2024-08-16 01:12:30-04:00,
2024-08-16 01:15:00-04:00,
2024-08-16 01:17:30-04:00,
2024-08-16 01:20:00-04:00,
2024-08-16 01:22:30-04:00,
2024-08-16 01:25:00-04:00,
2024-08-16 01:27:30-04:00,
2024-08-16 01:30:00-04:00,
2024-08-16 01:32:30-04:00,
2024-08-16 01:35:00-04:00,
2024-08-16 01:37:30-04:00,
2024-08-16 01:40:00-04:00,
2024-08-16 01:42:30-04:00,
2024-08-16 01:45:00-04:00,
2024-08-16 01:47:30-04:00,
2024-08-16 01:50:00-04:00,
2024-08-16 01:52:30-04:00,
2024-08-16 01:55:00-04:00,
2024-08-16 01:57:30-04:00,
2024-08-16 02:00:00-04:00,
2024-08-16 02:02:30-04:00,
2024-08-16 02:05:00-04:00,
2024-08-16 02:07:30-04:00,
2024-08-16 02:10:00-04:00,
2024-08-16 02:12:30-04:00,
2024-08-16 02:15:00-04:00,
2024-08-16 02:17:30-04:00,
2024-08-16 02:20:00-04:00,
2024-08-16 02:22:30-04:00,
2024-08-16 02:25:00-04:00,
2024-08-16 02:27:30-04:00,
2024-08-16 02:30:00-04:00,
2024-08-16 02:32:30-04:00,
2024-08-16 02:35:00-04:00,
2024-08-16 02:37:30-04:00,
2024-08-16 02:40:00-04:00,
2024-08-16 02:42:30-04:00,
2024-08-16 02:45:00-04:00,
2024-08-16 02:47:30-04:00,
2024-08-16 02:50:00-04:00,
2024-08-16 02:52:30-04:00,
2024-08-16 02:55:00-04:00,
2024-08-16 02:57:30-04:00,
2024-08-16 03:00:00-04:00,
2024-08-16 03:02:30-04:00,
2024-08-16 03:05:00-04:00,
2024-08-16 03:07:30-04:00,
2024-08-16 03:10:00-04:00,
2024-08-16 03:12:30-04:00,
2024-08-16 03:15:00-04:00,
2024-08-16 03:17:30-04:00,
2024-08-16 03:20:00-04:00,
2024-08-16 03:22:30-04:00,
2024-08-16 03:25:00-04:00,
2024-08-16 03:27:30-04:00,
2024-08-16 03:30:00-04:00,
2024-08-16 03:32:30-04:00,
2024-08-16 03:35:00-04:00,
2024-08-16 03:37:30-04:00,
2024-08-16 03:40:00-04:00,
2024-08-16 03:42:30-04:00,
2024-08-16 03:45:00-04:00,
2024-08-16 03:47:30-04:00,
2024-08-16 03:50:00-04:00,
2024-08-16 03:52:30-04:00,
2024-08-16 03:55:00-04:00,
2024-08-16 03:57:30-04:00,
2024-08-16 04:00:00-04:00,
2024-08-16 04:02:30-04:00,
2024-08-16 04:05:00-04:00,
2024-08-16 04:07:30-04:00,
2024-08-16 04:10:00-04:00,
2024-08-16 04:12:30-04:00,
2024-08-16 04:15:00-04:00,
2024-08-16 04:17:30-04:00,
2024-08-16 04:20:00-04:00,
2024-08-16 04:22:30-04:00,
2024-08-16 04:25:00-04:00,
2024-08-16 04:27:30-04:00,
2024-08-16 04:30:00-04:00,
2024-08-16 04:32:30-04:00,
2024-08-16 04:35:00-04:00,
2024-08-16 04:37:30-04:00,
2024-08-16 04:40:00-04:00,
2024-08-16 04:42:30-04:00,
2024-08-16 04:45:00-04:00,
2024-08-16 04:47:30-04:00,
2024-08-16 04:50:00-04:00,
2024-08-16 04:52:30-04:00,
2024-08-16 04:55:00-04:00,
2024-08-16 04:57:30-04:00,
2024-08-16 05:00:00-04:00,
2024-08-16 05:02:30-04:00,
2024-08-16 05:05:00-04:00,
2024-08-16 05:07:30-04:00,
2024-08-16 05:10:00-04:00,
2024-08-16 05:12:30-04:00,
2024-08-16 05:15:00-04:00,
2024-08-16 05:17:30-04:00,
2024-08-16 05:20:00-04:00,
2024-08-16 05:22:30-04:00,
2024-08-16 05:25:00-04:00,
2024-08-16 05:27:30-04:00,
2024-08-16 05:30:00-04:00,
2024-08-16 05:32:30-04:00,
2024-08-16 05:35:00-04:00,
2024-08-16 05:37:30-04:00,
2024-08-16 05:40:00-04:00,
2024-08-16 05:42:30-04:00,
2024-08-16 05:45:00-04:00,
2024-08-16 05:47:30-04:00,
2024-08-16 05:50:00-04:00,
2024-08-16 05:52:30-04:00,
2024-08-16 05:55:00-04:00,
2024-08-16 05:57:30-04:00,
2024-08-16 06:00:00-04:00,
2024-08-16 06:02:30-04:00,
2024-08-16 06:05:00-04:00,
2024-08-16 06:07:30-04:00,
2024-08-16 06:10:00-04:00,
2024-08-16 06:12:30-04:00,
2024-08-16 06:15:00-04:00,
2024-08-16 06:17:30-04:00,
2024-08-16 06:20:00-04:00,
2024-08-16 06:22:30-04:00,
2024-08-16 06:25:00-04:00,
2024-08-16 06:27:30-04:00,
2024-08-16 06:30:00-04:00,
2024-08-16 06:32:30-04:00,
2024-08-16 06:35:00-04:00,
2024-08-16 06:37:30-04:00,
2024-08-16 06:40:00-04:00,
2024-08-16 06:42:30-04:00,
2024-08-16 06:45:00-04:00,
2024-08-16 06:47:30-04:00,
2024-08-16 06:50:00-04:00,
2024-08-16 06:52:30-04:00,
2024-08-16 06:55:00-04:00,
2024-08-16 06:57:30-04:00,
2024-08-16 07:00:00-04:00,
2024-08-16 07:02:30-04:00,
2024-08-16 07:05:00-04:00,
2024-08-16 07:07:30-04:00,
2024-08-16 07:10:00-04:00,
2024-08-16 07:12:30-04:00,
2024-08-16 07:15:00-04:00,
2024-08-16 07:17:30-04:00,
2024-08-16 07:20:00-04:00,
2024-08-16 07:22:30-04:00,
2024-08-16 07:25:00-04:00,
2024-08-16 07:27:30-04:00,
2024-08-16 07:30:00-04:00,
2024-08-16 07:32:30-04:00,
2024-08-16 07:35:00-04:00,
2024-08-16 07:37:30-04:00,
2024-08-16 07:40:00-04:00,
2024-08-16 07:42:30-04:00,
2024-08-16 07:45:00-04:00,
2024-08-16 07:47:30-04:00,
2024-08-16 07:50:00-04:00,
2024-08-16 07:52:30-04:00,
2024-08-16 07:55:00-04:00,
2024-08-16 07:57:30-04:00,
2024-08-16 08:00:00-04:00,
2024-08-16 08:02:30-04:00,
2024-08-16 08:05:00-04:00,
2024-08-16 08:07:30-04:00,
2024-08-16 08:10:00-04:00,
2024-08-16 08:12:30-04:00,
2024-08-16 08:15:00-04:00,
2024-08-16 08:17:30-04:00,
2024-08-16 08:20:00-04:00,
2024-08-16 08:22:30-04:00,
2024-08-16 08:25:00-04:00,
2024-08-16 08:27:30-04:00,
2024-08-16 08:30:00-04:00,
2024-08-16 08:32:30-04:00,
2024-08-16 08:35:00-04:00,
2024-08-16 08:37:30-04:00,
2024-08-16 08:40:00-04:00,
2024-08-16 08:42:30-04:00,
2024-08-16 08:45:00-04:00,
2024-08-16 08:47:30-04:00,
2024-08-16 08:50:00-04:00,
2024-08-16 08:52:30-04:00,
2024-08-16 08:55:00-04:00,
2024-08-16 08:57:30-04:00,
2024-08-16 09:00:00-04:00,
2024-08-16 09:02:30-04:00,
2024-08-16 09:05:00-04:00,
2024-08-16 09:07:30-04:00,
2024-08-16 09:10:00-04:00,
2024-08-16 09:12:30-04:00,
2024-08-16 09:15:00-04:00,
2024-08-16 09:17:30-04:00,
2024-08-16 09:20:00-04:00,
2024-08-16 09:22:30-04:00,
2024-08-16 09:25:00-04:00,
2024-08-16 09:27:30-04:00,
2024-08-16 09:30:00-04:00,167.8000030517578
2024-08-16 09:32:30-04:00,167.5
2024-08-16 09:35:00-04:00,167.8800048828125
2024-08-16 09:37:30-04:00,168.0
2024-08-16 09:40:00-04:00,167.41099548339844
2024-08-16 09:42:30-04:00,167.57000732421875
2024-08-16 09:45:00-04:00,167.1300048828125
2024-08-16 09:47:30-04:00,166.82000732421875
2024-08-16 09:50:00-04:00,166.97000122070312
2024-08-16 09:52:30-04:00,167.19000244140625
2024-08-16 09:55:00-04:00,167.1999969482422
2024-08-16 09:57:30-04:00,167.27000427246094
2024-08-16 10:00:00-04:00,167.33999633789062
2024-08-16 10:02:30-04:00,167.3000030517578
2024-08-16 10:05:00-04:00,167.28819274902344
2024-08-16 10:07:30-04:00,167.30999755859375
2024-08-16 10:10:00-04:00,167.0850067138672
2024-08-16 10:12:30-04:00,167.22999572753906
2024-08-16 10:15:00-04:00,167.2899932861328
2024-08-16 10:17:30-04:00,167.2100067138672
2024-08-16 10:20:00-04:00,167.28500366210938
2024-08-16 10:22:30-04:00,167.125
2024-08-16 10:25:00-04:00,167.22999572753906
2024-08-16 10:27:30-04:00,167.15499877929688
2024-08-16 10:30:00-04:00,167.1199951171875
2024-08-16 10:32:30-04:00,167.0500030517578
2024-08-16 10:35:00-04:00,167.11500549316406
2024-08-16 10:37:30-04:00,167.22999572753906
2024-08-16 10:40:00-04:00,167.4600067138672
2024-08-16 10:42:30-04:00,167.25999450683594
2024-08-16 10:45:00-04:00,167.3699951171875
2024-08-16 10:47:30-04:00,167.55999755859375
2024-08-16 10:50:00-04:00,167.51499938964844
2024-08-16 10:52:30-04:00,167.5800018310547
2024-08-16 10:55:00-04:00,167.5050048828125
2024-08-16 10:57:30-04:00,167.5850067138672
2024-08-16 11:00:00-04:00,167.85000610351562
2024-08-16 11:02:30-04:00,167.69000244140625
2024-08-16 11:05:00-04:00,167.7100067138672
2024-08-16 11:07:30-04:00,167.7100067138672
2024-08-16 11:10:00-04:00,167.88999938964844
2024-08-16 11:12:30-04:00,167.94000244140625
2024-08-16 11:15:00-04:00,168.11000061035156
2024-08-16 11:17:30-04:00,168.11000061035156
2024-08-16 11:20:00-04:00,168.16000366210938
2024-08-16 11:22:30-04:00,168.0800018310547
2024-08-16 11:25:00-04:00,168.0
2024-08-16 11:27:30-04:00,167.97999572753906
2024-08-16 11:30:00-04:00,167.8300018310547
2024-08-16 11:32:30-04:00,167.68499755859375
2024-08-16 11:35:00-04:00,167.71499633789062
2024-08-16 11:37:30-04:00,167.69000244140625
2024-08-16 11:40:00-04:00,167.74000549316406
2024-08-16 11:42:30-04:00,167.75
2024-08-16 11:45:00-04:00,167.8300018310547
2024-08-16 11:47:30-04:00,167.8094940185547
2024-08-16 11:50:00-04:00,167.88499450683594
2024-08-16 11:52:30-04:00,167.91000366210938
2024-08-16 11:55:00-04:00,167.97999572753906
2024-08-16 11:57:30-04:00,167.88999938964844
2024-08-16 12:00:00-04:00,168.00999450683594
2024-08-16 12:02:30-04:00,167.94000244140625
2024-08-16 12:05:00-04:00,167.89999389648438
2024-08-16 12:07:30-04:00,167.86000061035156
2024-08-16 12:10:00-04:00,167.89999389648438
2024-08-16 12:12:30-04:00,167.97000122070312
2024-08-16 12:15:00-04:00,168.19000244140625
2024-08-16 12:17:30-04:00,168.2100067138672
2024-08-16 12:20:00-04:00,168.22999572753906
2024-08-16 12:22:30-04:00,168.16000366210938
2024-08-16 12:25:00-04:00,167.9499969482422
2024-08-16 12:27:30-04:00,167.97999572753906
2024-08-16 12:30:00-04:00,167.99000549316406
2024-08-16 12:32:30-04:00,168.0
2024-08-16 12:35:00-04:00,167.9600067138672
2024-08-16 12:37:30-04:00,167.9499969482422
2024-08-16 12:40:00-04:00,168.00999450683594
2024-08-16 12:42:30-04:00,168.0500030517578
2024-08-16 12:45:00-04:00,167.9499969482422
2024-08-16 12:47:30-04:00,168.05999755859375
2024-08-16 12:50:00-04:00,168.00999450683594
2024-08-16 12:52:30-04:00,168.02000427246094
2024-08-16 12:55:00-04:00,168.0800018310547
2024-08-16 12:57:30-04:00,168.07000732421875
2024-08-16 13:00:00-04:00,168.0850067138672
2024-08-16 13:02:30-04:00,168.05999755859375
2024-08-16 13:05:00-04:00,168.11500549316406
2024-08-16 13:07:30-04:00,168.05999755859375
2024-08-16 13:10:00-04:00,168.07000732421875
2024-08-16 13:12:30-04:00,168.08999633789062
2024-08-16 13:15:00-04:00,168.16000366210938
2024-08-16 13:17:30-04:00,168.2100067138672
2024-08-16 13:20:00-04:00,168.14500427246094
2024-08-16 13:22:30-04:00,168.0399932861328
2024-08-16 13:25:00-04:00,168.0399932861328
2024-08-16 13:27:30-04:00,168.0800018310547
2024-08-16 13:30:00-04:00,168.19000244140625
2024-08-16 13:32:30-04:00,168.2449951171875
2024-08-16 13:35:00-04:00,168.22999572753906
2024-08-16 13:37:30-04:00,168.17999267578125
2024-08-16 13:40:00-04:00,168.1699981689453
2024-08-16 13:42:30-04:00,168.17999267578125
2024-08-16 13:45:00-04:00,168.1898956298828
2024-08-16 13:47:30-04:00,168.2001953125
2024-08-16 13:50:00-04:00,168.11000061035156
2024-08-16 13:52:30-04:00,168.11000061035156
2024-08-16 13:55:00-04:00,168.15499877929688
2024-08-16 13:57:30-04:00,168.20370483398438
2024-08-16 14:00:00-04:00,168.1925048828125
2024-08-16 14:02:30-04:00,168.25
2024-08-16 14:05:00-04:00,168.27999877929688
2024-08-16 14:07:30-04:00,168.25100708007812
2024-08-16 14:10:00-04:00,168.2050018310547
2024-08-16 14:12:30-04:00,168.22999572753906
2024-08-16 14:15:00-04:00,168.22999572753906
2024-08-16 14:17:30-04:00,168.2899932861328
2024-08-16 14:20:00-04:00,168.22000122070312
2024-08-16 14:22:30-04:00,168.18499755859375
2024-08-16 14:25:00-04:00,168.17999267578125
2024-08-16 14:27:30-04:00,168.19000244140625
2024-08-16 14:30:00-04:00,168.24000549316406
2024-08-16 14:32:30-04:00,168.24000549316406
2024-08-16 14:35:00-04:00,168.2100067138672
2024-08-16 14:37:30-04:00,168.14500427246094
2024-08-16 14:40:00-04:00,168.07000732421875
2024-08-16 14:42:30-04:00,167.97000122070312
2024-08-16 14:45:00-04:00,168.0
2024-08-16 14:47:30-04:00,167.97999572753906
2024-08-16 14:50:00-04:00,167.97500610351562
2024-08-16 14:52:30-04:00,168.0399932861328
2024-08-16 14:55:00-04:00,168.02499389648438
2024-08-16 14:57:30-04:00,168.0500030517578
2024-08-16 15:00:00-04:00,168.17999267578125
2024-08-16 15:02:30-04:00,168.1199951171875
2024-08-16 15:05:00-04:00,168.125
2024-08-16 15:07:30-04:00,168.14999389648438
2024-08-16 15:10:00-04:00,168.16000366210938
2024-08-16 15:12:30-04:00,168.3000030517578
2024-08-16 15:15:00-04:00,168.32000732421875
2024-08-16 15:17:30-04:00,168.3300018310547
2024-08-16 15:20:00-04:00,168.21499633789062
2024-08-16 15:22:30-04:00,168.1649932861328
2024-08-16 15:25:00-04:00,168.0800018310547
2024-08-16 15:27:30-04:00,168.0
2024-08-16 15:30:00-04:00,167.9199981689453
2024-08-16 15:32:30-04:00,168.0
2024-08-16 15:35:00-04:00,167.94749450683594
2024-08-16 15:37:30-04:00,167.92999267578125
2024-08-16 15:40:00-04:00,167.88499450683594
2024-08-16 15:42:30-04:00,168.02000427246094
2024-08-16 15:45:00-04:00,167.98500061035156
2024-08-16 15:47:30-04:00,167.85000610351562
2024-08-16 15:50:00-04:00,167.91000366210938
2024-08-16 15:52:30-04:00,167.88999938964844
2024-08-16 15:55:00-04:00,167.90499877929688
2024-08-16 15:57:30-04:00,167.8699951171875
2024-08-16 16:00:00-04:00,
2024-08-16 16:02:30-04:00,
2024-08-16 16:05:00-04:00,
2024-08-16 16:07:30-04:00,
2024-08-16 16:10:00-04:00,
2024-08-16 16:12:30-04:00,
2024-08-16 16:15:00-04:00,
2024-08-16 16:17:30-04:00,
2024-08-16 16:20:00-04:00,
2024-08-16 16:22:30-04:00,
2024-08-16 16:25:00-04:00,
2024-08-16 16:27:30-04:00,
2024-08-16 16:30:00-04:00,
2024-08-16 16:32:30-04:00,
2024-08-16 16:35:00-04:00,
2024-08-16 16:37:30-04:00,
2024-08-16 16:40:00-04:00,
2024-08-16 16:42:30-04:00,
2024-08-16 16:45:00-04:00,
2024-08-16 16:47:30-04:00,
2024-08-16 16:50:00-04:00,
2024-08-16 16:52:30-04:00,
2024-08-16 16:55:00-04:00,
2024-08-16 16:57:30-04:00,
2024-08-16 17:00:00-04:00,
2024-08-16 17:02:30-04:00,
2024-08-16 17:05:00-04:00,
2024-08-16 17:07:30-04:00,
2024-08-16 17:10:00-04:00,
2024-08-16 17:12:30-04:00,
2024-08-16 17:15:00-04:00,
2024-08-16 17:17:30-04:00,
2024-08-16 17:20:00-04:00,
2024-08-16 17:22:30-04:00,
2024-08-16 17:25:00-04:00,
2024-08-16 17:27:30-04:00,
2024-08-16 17:30:00-04:00,
2024-08-16 17:32:30-04:00,
2024-08-16 17:35:00-04:00,
2024-08-16 17:37:30-04:00,
2024-08-16 17:40:00-04:00,
2024-08-16 17:42:30-04:00,
2024-08-16 17:45:00-04:00,
2024-08-16 17:47:30-04:00,
2024-08-16 17:50:00-04:00,
2024-08-16 17:52:30-04:00,
2024-08-16 17:55:00-04:00,
2024-08-16 17:57:30-04:00,
2024-08-16 18:00:00-04:00,
2024-08-16 18:02:30-04:00,
2024-08-16 18:05:00-04:00,
2024-08-16 18:07:30-04:00,
2024-08-16 18:10:00-04:00,
2024-08-16 18:12:30-04:00,
2024-08-16 18:15:00-04:00,
2024-08-16 18:17:30-04:00,
2024-08-16 18:20:00-04:00,
2024-08-16 18:22:30-04:00,
2024-08-16 18:25:00-04:00,
2024-08-16 18:27:30-04:00,
2024-08-16 18:30:00-04:00,
2024-08-16 18:32:30-04:00,
2024-08-16 18:35:00-04:00,
2024-08-16 18:37:30-04:00,
2024-08-16 18:40:00-04:00,
2024-08-16 18:42:30-04:00,
2024-08-16 18:45:00-04:00,
2024-08-16 18:47:30-04:00,
2024-08-16 18:50:00-04:00,
2024-08-16 18:52:30-04:00,
2024-08-16 18:55:00-04:00,
2024-08-16 18:57:30-04:00,
2024-08-16 19:00:00-04:00,
2024-08-16 19:02:30-04:00,
2024-08-16 19:05:00-04:00,
2024-08-16 19:07:30-04:00,
2024-08-16 19:10:00-04:00,
2024-08-16 19:12:30-04:00,
2024-08-16 19:15:00-04:00,
2024-08-16 19:17:30-04:00,
2024-08-16 19:20:00-04:00,
2024-08-16 19:22:30-04:00,
2024-08-16 19:25:00-04:00,
2024-08-16 19:27:30-04:00,
2024-08-16 19:30:00-04:00,
2024-08-16 19:32:30-04:00,
2024-08-16 19:35:00-04:00,
2024-08-16 19:37:30-04:00,
2024-08-16 19:40:00-04:00,
2024-08-16 19:42:30-04:00,
2024-08-16 19:45:00-04:00,
2024-08-16 19:47:30-04:00,
2024-08-16 19:50:00-04:00,
2024-08-16 19:52:30-04:00,
2024-08-16 19:55:00-04:00,
2024-08-16 19:57:30-04:00,
2024-08-16 20:00:00-04:00,
2024-08-16 20:02:30-04:00,
2024-08-16 20:05:00-04:00,
2024-08-16 20:07:30-04:00,
2024-08-16 20:10:00-04:00,
2024-08-16 20:12:30-04:00,
2024-08-16 20:15:00-04:00,
2024-08-16 20:17:30-04:00,
2024-08-16 20:20:00-04:00,
2024-08-16 20:22:30-04:00,
2024-08-16 20:25:00-04:00,
2024-08-16 20:27:30-04:00,
2024-08-16 20:30:00-04:00,
2024-08-16 20:32:30-04:00,
2024-08-16 20:35:00-04:00,
2024-08-16 20:37:30-04:00,
2024-08-16 20:40:00-04:00,
2024-08-16 20:42:30-04:00,
2024-08-16 20:45:00-04:00,
2024-08-16 20:47:30-04:00,
2024-08-16 20:50:00-04:00,
2024-08-16 20:52:30-04:00,
2024-08-16 20:55:00-04:00,
2024-08-16 20:57:30-04:00,
2024-08-16 21:00:00-04:00,
2024-08-16 21:02:30-04:00,
2024-08-16 21:05:00-04:00,
2024-08-16 21:07:30-04:00,
2024-08-16 21:10:00-04:00,
2024-08-16 21:12:30-04:00,
2024-08-16 21:15:00-04:00,
2024-08-16 21:17:30-04:00,
2024-08-16 21:20:00-04:00,
2024-08-16 21:22:30-04:00,
2024-08-16 21:25:00-04:00,
2024-08-16 21:27:30-04:00,
2024-08-16 21:30:00-04:00,
2024-08-16 21:32:30-04:00,
2024-08-16 21:35:00-04:00,
2024-08-16 21:37:30-04:00,
2024-08-16 21:40:00-04:00,
2024-08-16 21:42:30-04:00,
2024-08-16 21:45:00-04:00,
2024-08-16 21:47:30-04:00,
2024-08-16 21:50:00-04:00,
2024-08-16 21:52:30-04:00,
2024-08-16 21:55:00-04:00,
2024-08-16 21:57:30-04:00,
2024-08-16 22:00:00-04:00,
2024-08-16 22:02:30-04:00,
2024-08-16 22:05:00-04:00,
2024-08-16 22:07:30-04:00,
2024-08-16 22:10:00-04:00,
2024-08-16 22:12:30-04:00,
2024-08-16 22:15:00-04:00,
2024-08-16 22:17:30-04:00,
2024-08-16 22:20:00-04:00,
2024-08-16 22:22:30-04:00,
2024-08-16 22:25:00-04:00,
2024-08-16 22:27:30-04:00,
2024-08-16 22:30:00-04:00,
2024-08-16 22:32:30-04:00,
2024-08-16 22:35:00-04:00,
2024-08-16 22:37:30-04:00,
2024-08-16 22:40:00-04:00,
2024-08-16 22:42:30-04:00,
2024-08-16 22:45:00-04:00,
2024-08-16 22:47:30-04:00,
2024-08-16 22:50:00-04:00,
2024-08-16 22:52:30-04:00,
2024-08-16 22:55:00-04:00,
2024-08-16 22:57:30-04:00,
2024-08-16 23:00:00-04:00,
2024-08-16 23:02:30-04:00,
2024-08-16 23:05:00-04:00,
2024-08-16 23:07:30-04:00,
2024-08-16 23:10:00-04:00,
2024-08-16 23:12:30-04:00,
2024-08-16 23:15:00-04:00,
2024-08-16 23:17:30-04:00,
2024-08-16 23:20:00-04:00,
2024-08-16 23:22:30-04:00,
2024-08-16 23:25:00-04:00,
2024-08-16 23:27:30-04:00,
2024-08-16 23:30:00-04:00,
2024-08-16 23:32:30-04:00,
2024-08-16 23:35:00-04:00,
2024-08-16 23:37:30-04:00,
2024-08-16 23:40:00-04:00,
2024-08-16 23:42:30-04:00,
2024-08-16 23:45:00-04:00,
2024-08-16 23:47:30-04:00,
2024-08-16 23:50:00-04:00,
2024-08-16 23:52:30-04:00,
2024-08-16 23:55:00-04:00,
2024-08-16 23:57:30-04:00,
2024-08-17 00:00:00-04:00,
2024-08-17 00:02:30-04:00,
2024-08-17 00:05:00-04:00,
2024-08-17 00:07:30-04:00,
2024-08-17 00:10:00-04:00,
2024-08-17 00:12:30-04:00,
2024-08-17 00:15:00-04:00,
2024-08-17 00:17:30-04:00,
2024-08-17 00:20:00-04:00,
2024-08-17 00:22:30-04:00,
2024-08-17 00:25:00-04:00,
2024-08-17 00:27:30-04:00,
2024-08-17 00:30:00-04:00,
2024-08-17 00:32:30-04:00,
2024-08-17 00:35:00-04:00,
2024-08-17 00:37:30-04:00,
2024-08-17 00:40:00-04:00,
2024-08-17 00:42:30-04:00,
2024-08-17 00:45:00-04:00,
2024-08-17 00:47:30-04:00,
2024-08-17 00:50:00-04:00,
2024-08-17 00:52:30-04:00,
2024-08-17 00:55:00-04:00,
2024-08-17 00:57:30-04:00,
2024-08-17 01:00:00-04:00,
2024-08-17 01:02:30-04:00,
2024-08-17 01:05:00-04:00,
2024-08-17 01:07:30-04:00,
2024-08-17 01:10:00-04:00,
2024-08-17 01:12:30-04:00,
2024-08-17 01:15:00-04:00,
2024-08-17 01:17:30-04:00,
2024-08-17 01:20:00-04:00,
2024-08-17 01:22:30-04:00,
2024-08-17 01:25:00-04:00,
2024-08-17 01:27:30-04:00,
2024-08-17 01:30:00-04:00,
2024-08-17 01:32:30-04:00,
2024-08-17 01:35:00-04:00,
2024-08-17 01:37:30-04:00,
2024-08-17 01:40:00-04:00,
2024-08-17 01:42:30-04:00,
2024-08-17 01:45:00-04:00,
2024-08-17 01:47:30-04:00,
2024-08-17 01:50:00-04:00,
2024-08-17 01:52:30-04:00,
2024-08-17 01:55:00-04:00,
2024-08-17 01:57:30-04:00,
2024-08-17 02:00:00-04:00,
2024-08-17 02:02:30-04:00,
2024-08-17 02:05:00-04:00,
2024-08-17 02:07:30-04:00,
2024-08-17 02:10:00-04:00,
2024-08-17 02:12:30-04:00,
2024-08-17 02:15:00-04:00,
2024-08-17 02:17:30-04:00,
2024-08-17 02:20:00-04:00,
2024-08-17 02:22:30-04:00,
2024-08-17 02:25:00-04:00,
2024-08-17 02:27:30-04:00,
2024-08-17 02:30:00-04:00,
2024-08-17 02:32:30-04:00,
2024-08-17 02:35:00-04:00,
2024-08-17 02:37:30-04:00,
2024-08-17 02:40:00-04:00,
2024-08-17 02:42:30-04:00,
2024-08-17 02:45:00-04:00,
2024-08-17 02:47:30-04:00,
2024-08-17 02:50:00-04:00,
2024-08-17 02:52:30-04:00,
2024-08-17 02:55:00-04:00,
2024-08-17 02:57:30-04:00,
2024-08-17 03:00:00-04:00,
2024-08-17 03:02:30-04:00,
2024-08-17 03:05:00-04:00,
2024-08-17 03:07:30-04:00,
2024-08-17 03:10:00-04:00,
2024-08-17 03:12:30-04:00,
2024-08-17 03:15:00-04:00,
2024-08-17 03:17:30-04:00,
2024-08-17 03:20:00-04:00,
2024-08-17 03:22:30-04:00,
2024-08-17 03:25:00-04:00,
2024-08-17 03:27:30-04:00,
2024-08-17 03:30:00-04:00,
2024-08-17 03:32:30-04:00,
2024-08-17 03:35:00-04:00,
2024-08-17 03:37:30-04:00,
2024-08-17 03:40:00-04:00,
2024-08-17 03:42:30-04:00,
2024-08-17 03:45:00-04:00,
2024-08-17 03:47:30-04:00,
2024-08-17 03:50:00-04:00,
2024-08-17 03:52:30-04:00,
2024-08-17 03:55:00-04:00,
2024-08-17 03:57:30-04:00,
2024-08-17 04:00:00-04:00,
2024-08-17 04:02:30-04:00,
2024-08-17 04:05:00-04:00,
2024-08-17 04:07:30-04:00,
2024-08-17 04:10:00-04:00,
2024-08-17 04:12:30-04:00,
2024-08-17 04:15:00-04:00,
2024-08-17 04:17:30-04:00,
2024-08-17 04:20:00-04:00,
2024-08-17 04:22:30-04:00,
2024-08-17 04:25:00-04:00,
2024-08-17 04:27:30-04:00,
2024-08-17 04:30:00-04:00,
2024-08-17 04:32:30-04:00,
2024-08-17 04:35:00-04:00,
2024-08-17 04:37:30-04:00,
2024-08-17 04:40:00-04:00,
2024-08-17 04:42:30-04:00,
2024-08-17 04:45:00-04:00,
2024-08-17 04:47:30-04:00,
2024-08-17 04:50:00-04:00,
2024-08-17 04:52:30-04:00,
2024-08-17 04:55:00-04:00,
2024-08-17 04:57:30-04:00,
2024-08-17 05:00:00-04:00,
2024-08-17 05:02:30-04:00,
2024-08-17 05:05:00-04:00,
2024-08-17 05:07:30-04:00,
2024-08-17 05:10:00-04:00,
2024-08-17 05:12:30-04:00,
2024-08-17 05:15:00-04:00,
2024-08-17 05:17:30-04:00,
2024-08-17 05:20:00-04:00,
2024-08-17 05:22:30-04:00,
2024-08-17 05:25:00-04:00,
2024-08-17 05:27:30-04:00,
2024-08-17 05:30:00-04:00,
2024-08-17 05:32:30-04:00,
2024-08-17 05:35:00-04:00,
2024-08-17 05:37:30-04:00,
2024-08-17 05:40:00-04:00,
2024-08-17 05:42:30-04:00,
2024-08-17 05:45:00-04:00,
2024-08-17 05:47:30-04:00,
2024-08-17 05:50:00-04:00,
2024-08-17 05:52:30-04:00,
2024-08-17 05:55:00-04:00,
2024-08-17 05:57:30-04:00,
2024-08-17 06:00:00-04:00,
2024-08-17 06:02:30-04:00,
2024-08-17 06:05:00-04:00,
2024-08-17 06:07:30-04:00,
2024-08-17 06:10:00-04:00,
2024-08-17 06:12:30-04:00,
2024-08-17 06:15:00-04:00,
2024-08-17 06:17:30-04:00,
2024-08-17 06:20:00-04:00,
2024-08-17 06:22:30-04:00,
2024-08-17 06:25:00-04:00,
2024-08-17 06:27:30-04:00,
2024-08-17 06:30:00-04:00,
2024-08-17 06:32:30-04:00,
2024-08-17 06:35:00-04:00,
2024-08-17 06:37:30-04:00,
2024-08-17 06:40:00-04:00,
2024-08-17 06:42:30-04:00,
2024-08-17 06:45:00-04:00,
2024-08-17 06:47:30-04:00,
2024-08-17 06:50:00-04:00,
2024-08-17 06:52:30-04:00,
2024-08-17 06:55:00-04:00,
2024-08-17 06:57:30-04:00,
2024-08-17 07:00:00-04:00,
2024-08-17 07:02:30-04:00,
2024-08-17 07:05:00-04:00,
2024-08-17 07:07:30-04:00,
2024-08-17 07:10:00-04:00,
2024-08-17 07:12:30-04:00,
2024-08-17 07:15:00-04:00,
2024-08-17 07:17:30-04:00,
2024-08-17 07:20:00-04:00,
2024-08-17 07:22:30-04:00,
2024-08-17 07:25:00-04:00,
2024-08-17 07:27:30-04:00,
2024-08-17 07:30:00-04:00,
2024-08-17 07:32:30-04:00,
2024-08-17 07:35:00-04:00,
2024-08-17 07:37:30-04:00,
2024-08-17 07:40:00-04:00,
2024-08-17 07:42:30-04:00,
2024-08-17 07:45:00-04:00,
2024-08-17 07:47:30-04:00,
2024-08-17 07:50:00-04:00,
2024-08-17 07:52:30-04:00,
2024-08-17 07:55:00-04:00,
2024-08-17 07:57:30-04:00,
2024-08-17 08:00:00-04:00,
2024-08-17 08:02:30-04:00,
2024-08-17 08:05:00-04:00,
2024-08-17 08:07:30-04:00,
2024-08-17 08:10:00-04:00,
2024-08-17 08:12:30-04:00,
2024-08-17 08:15:00-04:00,
2024-08-17 08:17:30-04:00,
2024-08-17 08:20:00-04:00,
2024-08-17 08:22:30-04:00,
2024-08-17 08:25:00-04:00,
2024-08-17 08:27:30-04:00,
2024-08-17 08:30:00-04:00,
2024-08-17 08:32:30-04:00,
2024-08-17 08:35:00-04:00,
2024-08-17 08:37:30-04:00,
2024-08-17 08:40:00-04:00,
2024-08-17 08:42:30-04:00,
2024-08-17 08:45:00-04:00,
2024-08-17 08:47:30-04:00,
2024-08-17 08:50:00-04:00,
2024-08-17 08:52:30-04:00,
2024-08-17 08:55:00-04:00,
2024-08-17 08:57:30-04:00,
2024-08-17 09:00:00-04:00,
2024-08-17 09:02:30-04:00,
2024-08-17 09:05:00-04:00,
2024-08-17 09:07:30-04:00,
2024-08-17 09:10:00-04:00,
2024-08-17 09:12:30-04:00,
2024-08-17 09:15:00-04:00,
2024-08-17 09:17:30-04:00,
2024-08-17 09:20:00-04:00,
2024-08-17 09:22:30-04:00,
2024-08-17 09:25:00-04:00,
2024-08-17 09:27:30-04:00,
2024-08-17 09:30:00-04:00,
2024-08-17 09:32:30-04:00,
2024-08-17 09:35:00-04:00,
2024-08-17 09:37:30-04:00,
2024-08-17 09:40:00-04:00,
2024-08-17 09:42:30-04:00,
2024-08-17 09:45:00-04:00,
2024-08-17 09:47:30-04:00,
2024-08-17 09:50:00-04:00,
2024-08-17 09:52:30-04:00,
2024-08-17 09:55:00-04:00,
2024-08-17 09:57:30-04:00,
2024-08-17 10:00:00-04:00,
2024-08-17 10:02:30-04:00,
2024-08-17 10:05:00-04:00,
2024-08-17 10:07:30-04:00,
2024-08-17 10:10:00-04:00,
2024-08-17 10:12:30-04:00,
2024-08-17 10:15:00-04:00,
2024-08-17 10:17:30-04:00,
2024-08-17 10:20:00-04:00,
2024-08-17 10:22:30-04:00,
2024-08-17 10:25:00-04:00,
2024-08-17 10:27:30-04:00,
2024-08-17 10:30:00-04:00,
2024-08-17 10:32:30-04:00,
2024-08-17 10:35:00-04:00,
2024-08-17 10:37:30-04:00,
2024-08-17 10:40:00-04:00,
2024-08-17 10:42:30-04:00,
2024-08-17 10:45:00-04:00,
2024-08-17 10:47:30-04:00,
2024-08-17 10:50:00-04:00,
2024-08-17 10:52:30-04:00,
2024-08-17 10:55:00-04:00,
2024-08-17 10:57:30-04:00,
2024-08-17 11:00:00-04:00,
2024-08-17 11:02:30-04:00,
2024-08-17 11:05:00-04:00,
2024-08-17 11:07:30-04:00,
2024-08-17 11:10:00-04:00,
2024-08-17 11:12:30-04:00,
2024-08-17 11:15:00-04:00,
2024-08-17 11:17:30-04:00,
2024-08-17 11:20:00-04:00,
2024-08-17 11:22:30-04:00,
2024-08-17 11:25:00-04:00,
2024-08-17 11:27:30-04:00,
2024-08-17 11:30:00-04:00,
2024-08-17 11:32:30-04:00,
2024-08-17 11:35:00-04:00,
2024-08-17 11:37:30-04:00,
2024-08-17 11:40:00-04:00,
2024-08-17 11:42:30-04:00,
2024-08-17 11:45:00-04:00,
2024-08-17 11:47:30-04:00,
2024-08-17 11:50:00-04:00,
2024-08-17 11:52:30-04:00,
2024-08-17 11:55:00-04:00,
2024-08-17 11:57:30-04:00,
2024-08-17 12:00:00-04:00,
2024-08-17 12:02:30-04:00,
2024-08-17 12:05:00-04:00,
2024-08-17 12:07:30-04:00,
2024-08-17 12:10:00-04:00,
2024-08-17 12:12:30-04:00,
2024-08-17 12:15:00-04:00,
2024-08-17 12:17:30-04:00,
2024-08-17 12:20:00-04:00,
2024-08-17 12:22:30-04:00,
2024-08-17 12:25:00-04:00,
2024-08-17 12:27:30-04:00,
2024-08-17 12:30:00-04:00,
2024-08-17 12:32:30-04:00,
2024-08-17 12:35:00-04:00,
2024-08-17 12:37:30-04:00,
2024-08-17 12:40:00-04:00,
2024-08-17 12:42:30-04:00,
2024-08-17 12:45:00-04:00,
2024-08-17 12:47:30-04:00,
2024-08-17 12:50:00-04:00,
2024-08-17 12:52:30-04:00,
2024-08-17 12:55:00-04:00,
2024-08-17 12:57:30-04:00,
2024-08-17 13:00:00-04:00,
2024-08-17 13:02:30-04:00,
2024-08-17 13:05:00-04:00,
2024-08-17 13:07:30-04:00,
2024-08-17 13:10:00-04:00,
2024-08-17 13:12:30-04:00,
2024-08-17 13:15:00-04:00,
2024-08-17 13:17:30-04:00,
2024-08-17 13:20:00-04:00,
2024-08-17 13:22:30-04:00,
2024-08-17 13:25:00-04:00,
2024-08-17 13:27:30-04:00,
2024-08-17 13:30:00-04:00,
2024-08-17 13:32:30-04:00,
2024-08-17 13:35:00-04:00,
2024-08-17 13:37:30-04:00,
2024-08-17 13:40:00-04:00,
2024-08-17 13:42:30-04:00,
2024-08-17 13:45:00-04:00,
2024-08-17 13:47:30-04:00,
2024-08-17 13:50:00-04:00,
2024-08-17 13:52:30-04:00,
2024-08-17 13:55:00-04:00,
2024-08-17 13:57:30-04:00,
2024-08-17 14:00:00-04:00,
2024-08-17 14:02:30-04:00,
2024-08-17 14:05:00-04:00,
2024-08-17 14:07:30-04:00,
2024-08-17 14:10:00-04:00,
2024-08-17 14:12:30-04:00,
2024-08-17 14:15:00-04:00,
2024-08-17 14:17:30-04:00,
2024-08-17 14:20:00-04:00,
2024-08-17 14:22:30-04:00,
2024-08-17 14:25:00-04:00,
2024-08-17 14:27:30-04:00,
2024-08-17 14:30:00-04:00,
2024-08-17 14:32:30-04:00,
2024-08-17 14:35:00-04:00,
2024-08-17 14:37:30-04:00,
2024-08-17 14:40:00-04:00,
2024-08-17 14:42:30-04:00,
2024-08-17 14:45:00-04:00,
2024-08-17 14:47:30-04:00,
2024-08-17 14:50:00-04:00,
2024-08-17 14:52:30-04:00,
2024-08-17 14:55:00-04:00,
2024-08-17 14:57:30-04:00,
2024-08-17 15:00:00-04:00,
2024-08-17 15:02:30-04:00,
2024-08-17 15:05:00-04:00,
2024-08-17 15:07:30-04:00,
2024-08-17 15:10:00-04:00,
2024-08-17 15:12:30-04:00,
2024-08-17 15:15:00-04:00,
2024-08-17 15:17:30-04:00,
2024-08-17 15:20:00-04:00,
2024-08-17 15:22:30-04:00,
2024-08-17 15:25:00-04:00,
2024-08-17 15:27:30-04:00,
2024-08-17 15:30:00-04:00,
2024-08-17 15:32:30-04:00,
2024-08-17 15:35:00-04:00,
2024-08-17 15:37:30-04:00,
2024-08-17 15:40:00-04:00,
2024-08-17 15:42:30-04:00,
2024-08-17 15:45:00-04:00,
2024-08-17 15:47:30-04:00,
2024-08-17 15:50:00-04:00,
2024-08-17 15:52:30-04:00,
2024-08-17 15:55:00-04:00,
2024-08-17 15:57:30-04:00,
2024-08-17 16:00:00-04:00,
2024-08-17 16:02:30-04:00,
2024-08-17 16:05:00-04:00,
2024-08-17 16:07:30-04:00,
2024-08-17 16:10:00-04:00,
2024-08-17 16:12:30-04:00,
2024-08-17 16:15:00-04:00,
2024-08-17 16:17:30-04:00,
2024-08-17 16:20:00-04:00,
2024-08-17 16:22:30-04:00,
2024-08-17 16:25:00-04:00,
2024-08-17 16:27:30-04:00,
2024-08-17 16:30:00-04:00,
2024-08-17 16:32:30-04:00,
2024-08-17 16:35:00-04:00,
2024-08-17 16:37:30-04:00,
2024-08-17 16:40:00-04:00,
2024-08-17 16:42:30-04:00,
2024-08-17 16:45:00-04:00,
2024-08-17 16:47:30-04:00,
2024-08-17 16:50:00-04:00,
2024-08-17 16:52:30-04:00,
2024-08-17 16:55:00-04:00,
2024-08-17 16:57:30-04:00,
2024-08-17 17:00:00-04:00,
2024-08-17 17:02:30-04:00,
2024-08-17 17:05:00-04:00,
2024-08-17 17:07:30-04:00,
2024-08-17 17:10:00-04:00,
2024-08-17 17:12:30-04:00,
2024-08-17 17:15:00-04:00,
2024-08-17 17:17:30-04:00,
2024-08-17 17:20:00-04:00,
2024-08-17 17:22:30-04:00,
2024-08-17 17:25:00-04:00,
2024-08-17 17:27:30-04:00,
2024-08-17 17:30:00-04:00,
2024-08-17 17:32:30-04:00,
2024-08-17 17:35:00-04:00,
2024-08-17 17:37:30-04:00,
2024-08-17 17:40:00-04:00,
2024-08-17 17:42:30-04:00,
2024-08-17 17:45:00-04:00,
2024-08-17 17:47:30-04:00,
2024-08-17 17:50:00-04:00,
2024-08-17 17:52:30-04:00,
2024-08-17 17:55:00-04:00,
2024-08-17 17:57:30-04:00,
2024-08-17 18:00:00-04:00,
2024-08-17 18:02:30-04:00,
2024-08-17 18:05:00-04:00,
2024-08-17 18:07:30-04:00,
2024-08-17 18:10:00-04:00,
2024-08-17 18:12:30-04:00,
2024-08-17 18:15:00-04:00,
2024-08-17 18:17:30-04:00,
2024-08-17 18:20:00-04:00,
2024-08-17 18:22:30-04:00,
2024-08-17 18:25:00-04:00,
2024-08-17 18:27:30-04:00,
2024-08-17 18:30:00-04:00,
2024-08-17 18:32:30-04:00,
2024-08-17 18:35:00-04:00,
2024-08-17 18:37:30-04:00,
2024-08-17 18:40:00-04:00,
2024-08-17 18:42:30-04:00,
2024-08-17 18:45:00-04:00,
2024-08-17 18:47:30-04:00,
2024-08-17 18:50:00-04:00,
2024-08-17 18:52:30-04:00,
2024-08-17 18:55:00-04:00,
2024-08-17 18:57:30-04:00,
2024-08-17 19:00:00-04:00,
2024-08-17 19:02:30-04:00,
2024-08-17 19:05:00-04:00,
2024-08-17 19:07:30-04:00,
2024-08-17 19:10:00-04:00,
2024-08-17 19:12:30-04:00,
2024-08-17 19:15:00-04:00,
2024-08-17 19:17:30-04:00,
2024-08-17 19:20:00-04:00,
2024-08-17 19:22:30-04:00,
2024-08-17 19:25:00-04:00,
2024-08-17 19:27:30-04:00,
2024-08-17 19:30:00-04:00,
2024-08-17 19:32:30-04:00,
2024-08-17 19:35:00-04:00,
2024-08-17 19:37:30-04:00,
2024-08-17 19:40:00-04:00,
2024-08-17 19:42:30-04:00,
2024-08-17 19:45:00-04:00,
2024-08-17 19:47:30-04:00,
2024-08-17 19:50:00-04:00,
2024-08-17 19:52:30-04:00,
2024-08-17 19:55:00-04:00,
2024-08-17 19:57:30-04:00,
2024-08-17 20:00:00-04:00,
2024-08-17 20:02:30-04:00,
2024-08-17 20:05:00-04:00,
2024-08-17 20:07:30-04:00,
2024-08-17 20:10:00-04:00,
2024-08-17 20:12:30-04:00,
2024-08-17 20:15:00-04:00,
2024-08-17 20:17:30-04:00,
2024-08-17 20:20:00-04:00,
2024-08-17 20:22:30-04:00,
2024-08-17 20:25:00-04:00,
2024-08-17 20:27:30-04:00,
2024-08-17 20:30:00-04:00,
2024-08-17 20:32:30-04:00,
2024-08-17 20:35:00-04:00,
2024-08-17 20:37:30-04:00,
2024-08-17 20:40:00-04:00,
2024-08-17 20:42:30-04:00,
2024-08-17 20:45:00-04:00,
2024-08-17 20:47:30-04:00,
2024-08-17 20:50:00-04:00,
2024-08-17 20:52:30-04:00,
2024-08-17 20:55:00-04:00,
2024-08-17 20:57:30-04:00,
2024-08-17 21:00:00-04:00,
2024-08-17 21:02:30-04:00,
2024-08-17 21:05:00-04:00,
2024-08-17 21:07:30-04:00,
2024-08-17 21:10:00-04:00,
2024-08-17 21:12:30-04:00,
2024-08-17 21:15:00-04:00,
2024-08-17 21:17:30-04:00,
2024-08-17 21:20:00-04:00,
2024-08-17 21:22:30-04:00,
2024-08-17 21:25:00-04:00,
2024-08-17 21:27:30-04:00,
2024-08-17 21:30:00-04:00,
2024-08-17 21:32:30-04:00,
2024-08-17 21:35:00-04:00,
2024-08-17 21:37:30-04:00,
2024-08-17 21:40:00-04:00,
2024-08-17 21:42:30-04:00,
2024-08-17 21:45:00-04:00,
2024-08-17 21:47:30-04:00,
2024-08-17 21:50:00-04:00,
2024-08-17 21:52:30-04:00,
2024-08-17 21:55:00-04:00,
2024-08-17 21:57:30-04:00,
2024-08-17 22:00:00-04:00,
2024-08-17 22:02:30-04:00,
2024-08-17 22:05:00-04:00,
2024-08-17 22:07:30-04:00,
2024-08-17 22:10:00-04:00,
2024-08-17 22:12:30-04:00,
2024-08-17 22:15:00-04:00,
2024-08-17 22:17:30-04:00,
2024-08-17 22:20:00-04:00,
2024-08-17 22:22:30-04:00,
2024-08-17 22:25:00-04:00,
2024-08-17 22:27:30-04:00,
2024-08-17 22:30:00-04:00,
2024-08-17 22:32:30-04:00,
2024-08-17 22:35:00-04:00,
2024-08-17 22:37:30-04:00,
2024-08-17 22:40:00-04:00,
2024-08-17 22:42:30-04:00,
2024-08-17 22:45:00-04:00,
2024-08-17 22:47:30-04:00,
2024-08-17 22:50:00-04:00,
2024-08-17 22:52:30-04:00,
2024-08-17 22:55:00-04:00,
2024-08-17 22:57:30-04:00,
2024-08-17 23:00:00-04:00,
2024-08-17 23:02:30-04:00,
2024-08-17 23:05:00-04:00,
2024-08-17 23:07:30-04:00,
2024-08-17 23:10:00-04:00,
2024-08-17 23:12:30-04:00,
2024-08-17 23:15:00-04:00,
2024-08-17 23:17:30-04:00,
2024-08-17 23:20:00-04:00,
2024-08-17 23:22:30-04:00,
2024-08-17 23:25:00-04:00,
2024-08-17 23:27:30-04:00,
2024-08-17 23:30:00-04:00,
2024-08-17 23:32:30-04:00,
2024-08-17 23:35:00-04:00,
2024-08-17 23:37:30-04:00,
2024-08-17 23:40:00-04:00,
2024-08-17 23:42:30-04:00,
2024-08-17 23:45:00-04:00,
2024-08-17 23:47:30-04:00,
2024-08-17 23:50:00-04:00,
2024-08-17 23:52:30-04:00,
2024-08-17 23:55:00-04:00,
2024-08-17 23:57:30-04:00,
2024-08-18 00:00:00-04:00,
2024-08-18 00:02:30-04:00,
2024-08-18 00:05:00-04:00,
2024-08-18 00:07:30-04:00,
2024-08-18 00:10:00-04:00,
2024-08-18 00:12:30-04:00,
2024-08-18 00:15:00-04:00,
2024-08-18 00:17:30-04:00,
2024-08-18 00:20:00-04:00,
2024-08-18 00:22:30-04:00,
2024-08-18 00:25:00-04:00,
2024-08-18 00:27:30-04:00,
2024-08-18 00:30:00-04:00,
2024-08-18 00:32:30-04:00,
2024-08-18 00:35:00-04:00,
2024-08-18 00:37:30-04:00,
2024-08-18 00:40:00-04:00,
2024-08-18 00:42:30-04:00,
2024-08-18 00:45:00-04:00,
2024-08-18 00:47:30-04:00,
2024-08-18 00:50:00-04:00,
2024-08-18 00:52:30-04:00,
2024-08-18 00:55:00-04:00,
2024-08-18 00:57:30-04:00,
2024-08-18 01:00:00-04:00,
2024-08-18 01:02:30-04:00,
2024-08-18 01:05:00-04:00,
2024-08-18 01:07:30-04:00,
2024-08-18 01:10:00-04:00,
2024-08-18 01:12:30-04:00,
2024-08-18 01:15:00-04:00,
2024-08-18 01:17:30-04:00,
2024-08-18 01:20:00-04:00,
2024-08-18 01:22:30-04:00,
2024-08-18 01:25:00-04:00,
2024-08-18 01:27:30-04:00,
2024-08-18 01:30:00-04:00,
2024-08-18 01:32:30-04:00,
2024-08-18 01:35:00-04:00,
2024-08-18 01:37:30-04:00,
2024-08-18 01:40:00-04:00,
2024-08-18 01:42:30-04:00,
2024-08-18 01:45:00-04:00,
2024-08-18 01:47:30-04:00,
2024-08-18 01:50:00-04:00,
2024-08-18 01:52:30-04:00,
2024-08-18 01:55:00-04:00,
2024-08-18 01:57:30-04:00,
2024-08-18 02:00:00-04:00,
2024-08-18 02:02:30-04:00,
2024-08-18 02:05:00-04:00,
2024-08-18 02:07:30-04:00,
2024-08-18 02:10:00-04:00,
2024-08-18 02:12:30-04:00,
2024-08-18 02:15:00-04:00,
2024-08-18 02:17:30-04:00,
2024-08-18 02:20:00-04:00,
2024-08-18 02:22:30-04:00,
2024-08-18 02:25:00-04:00,
2024-08-18 02:27:30-04:00,
2024-08-18 02:30:00-04:00,
2024-08-18 02:32:30-04:00,
2024-08-18 02:35:00-04:00,
2024-08-18 02:37:30-04:00,
2024-08-18 02:40:00-04:00,
2024-08-18 02:42:30-04:00,
2024-08-18 02:45:00-04:00,
2024-08-18 02:47:30-04:00,
2024-08-18 02:50:00-04:00,
2024-08-18 02:52:30-04:00,
2024-08-18 02:55:00-04:00,
2024-08-18 02:57:30-04:00,
2024-08-18 03:00:00-04:00,
2024-08-18 03:02:30-04:00,
2024-08-18 03:05:00-04:00,
2024-08-18 03:07:30-04:00,
2024-08-18 03:10:00-04:00,
2024-08-18 03:12:30-04:00,
2024-08-18 03:15:00-04:00,
2024-08-18 03:17:30-04:00,
2024-08-18 03:20:00-04:00,
2024-08-18 03:22:30-04:00,
2024-08-18 03:25:00-04:00,
2024-08-18 03:27:30-04:00,
2024-08-18 03:30:00-04:00,
2024-08-18 03:32:30-04:00,
2024-08-18 03:35:00-04:00,
2024-08-18 03:37:30-04:00,
2024-08-18 03:40:00-04:00,
2024-08-18 03:42:30-04:00,
2024-08-18 03:45:00-04:00,
2024-08-18 03:47:30-04:00,
2024-08-18 03:50:00-04:00,
2024-08-18 03:52:30-04:00,
2024-08-18 03:55:00-04:00,
2024-08-18 03:57:30-04:00,
2024-08-18 04:00:00-04:00,
2024-08-18 04:02:30-04:00,
2024-08-18 04:05:00-04:00,
2024-08-18 04:07:30-04:00,
2024-08-18 04:10:00-04:00,
2024-08-18 04:12:30-04:00,
2024-08-18 04:15:00-04:00,
2024-08-18 04:17:30-04:00,
2024-08-18 04:20:00-04:00,
2024-08-18 04:22:30-04:00,
2024-08-18 04:25:00-04:00,
2024-08-18 04:27:30-04:00,
2024-08-18 04:30:00-04:00,
2024-08-18 04:32:30-04:00,
2024-08-18 04:35:00-04:00,
2024-08-18 04:37:30-04:00,
2024-08-18 04:40:00-04:00,
2024-08-18 04:42:30-04:00,
2024-08-18 04:45:00-04:00,
2024-08-18 04:47:30-04:00,
2024-08-18 04:50:00-04:00,
2024-08-18 04:52:30-04:00,
2024-08-18 04:55:00-04:00,
2024-08-18 04:57:30-04:00,
2024-08-18 05:00:00-04:00,
2024-08-18 05:02:30-04:00,
2024-08-18 05:05:00-04:00,
2024-08-18 05:07:30-04:00,
2024-08-18 05:10:00-04:00,
2024-08-18 05:12:30-04:00,
2024-08-18 05:15:00-04:00,
2024-08-18 05:17:30-04:00,
2024-08-18 05:20:00-04:00,
2024-08-18 05:22:30-04:00,
2024-08-18 05:25:00-04:00,
2024-08-18 05:27:30-04:00,
2024-08-18 05:30:00-04:00,
2024-08-18 05:32:30-04:00,
2024-08-18 05:35:00-04:00,
2024-08-18 05:37:30-04:00,
2024-08-18 05:40:00-04:00,
2024-08-18 05:42:30-04:00,
2024-08-18 05:45:00-04:00,
2024-08-18 05:47:30-04:00,
2024-08-18 05:50:00-04:00,
2024-08-18 05:52:30-04:00,
2024-08-18 05:55:00-04:00,
2024-08-18 05:57:30-04:00,
2024-08-18 06:00:00-04:00,
2024-08-18 06:02:30-04:00,
2024-08-18 06:05:00-04:00,
2024-08-18 06:07:30-04:00,
2024-08-18 06:10:00-04:00,
2024-08-18 06:12:30-04:00,
2024-08-18 06:15:00-04:00,
2024-08-18 06:17:30-04:00,
2024-08-18 06:20:00-04:00,
2024-08-18 06:22:30-04:00,
2024-08-18 06:25:00-04:00,
2024-08-18 06:27:30-04:00,
2024-08-18 06:30:00-04:00,
2024-08-18 06:32:30-04:00,
2024-08-18 06:35:00-04:00,
2024-08-18 06:37:30-04:00,
2024-08-18 06:40:00-04:00,
2024-08-18 06:42:30-04:00,
2024-08-18 06:45:00-04:00,
2024-08-18 06:47:30-04:00,
2024-08-18 06:50:00-04:00,
2024-08-18 06:52:30-04:00,
2024-08-18 06:55:00-04:00,
2024-08-18 06:57:30-04:00,
2024-08-18 07:00:00-04:00,
2024-08-18 07:02:30-04:00,
2024-08-18 07:05:00-04:00,
2024-08-18 07:07:30-04:00,
2024-08-18 07:10:00-04:00,
2024-08-18 07:12:30-04:00,
2024-08-18 07:15:00-04:00,
2024-08-18 07:17:30-04:00,
2024-08-18 07:20:00-04:00,
2024-08-18 07:22:30-04:00,
2024-08-18 07:25:00-04:00,
2024-08-18 07:27:30-04:00,
2024-08-18 07:30:00-04:00,
2024-08-18 07:32:30-04:00,
2024-08-18 07:35:00-04:00,
2024-08-18 07:37:30-04:00,
2024-08-18 07:40:00-04:00,
2024-08-18 07:42:30-04:00,
2024-08-18 07:45:00-04:00,
2024-08-18 07:47:30-04:00,
2024-08-18 07:50:00-04:00,
2024-08-18 07:52:30-04:00,
2024-08-18 07:55:00-04:00,
2024-08-18 07:57:30-04:00,
2024-08-18 08:00:00-04:00,
2024-08-18 08:02:30-04:00,
2024-08-18 08:05:00-04:00,
2024-08-18 08:07:30-04:00,
2024-08-18 08:10:00-04:00,
2024-08-18 08:12:30-04:00,
2024-08-18 08:15:00-04:00,
2024-08-18 08:17:30-04:00,
2024-08-18 08:20:00-04:00,
2024-08-18 08:22:30-04:00,
2024-08-18 08:25:00-04:00,
2024-08-18 08:27:30-04:00,
2024-08-18 08:30:00-04:00,
2024-08-18 08:32:30-04:00,
2024-08-18 08:35:00-04:00,
2024-08-18 08:37:30-04:00,
2024-08-18 08:40:00-04:00,
2024-08-18 08:42:30-04:00,
2024-08-18 08:45:00-04:00,
2024-08-18 08:47:30-04:00,
2024-08-18 08:50:00-04:00,
2024-08-18 08:52:30-04:00,
2024-08-18 08:55:00-04:00,
2024-08-18 08:57:30-04:00,
2024-08-18 09:00:00-04:00,
2024-08-18 09:02:30-04:00,
2024-08-18 09:05:00-04:00,
2024-08-18 09:07:30-04:00,
2024-08-18 09:10:00-04:00,
2024-08-18 09:12:30-04:00,
2024-08-18 09:15:00-04:00,
2024-08-18 09:17:30-04:00,
2024-08-18 09:20:00-04:00,
2024-08-18 09:22:30-04:00,
2024-08-18 09:25:00-04:00,
2024-08-18 09:27:30-04:00,
2024-08-18 09:30:00-04:00,
2024-08-18 09:32:30-04:00,
2024-08-18 09:35:00-04:00,
2024-08-18 09:37:30-04:00,
2024-08-18 09:40:00-04:00,
2024-08-18 09:42:30-04:00,
2024-08-18 09:45:00-04:00,
2024-08-18 09:47:30-04:00,
2024-08-18 09:50:00-04:00,
2024-08-18 09:52:30-04:00,
2024-08-18 09:55:00-04:00,
2024-08-18 09:57:30-04:00,
2024-08-18 10:00:00-04:00,
2024-08-18 10:02:30-04:00,
2024-08-18 10:05:00-04:00,
2024-08-18 10:07:30-04:00,
2024-08-18 10:10:00-04:00,
2024-08-18 10:12:30-04:00,
2024-08-18 10:15:00-04:00,
2024-08-18 10:17:30-04:00,
2024-08-18 10:20:00-04:00,
2024-08-18 10:22:30-04:00,
2024-08-18 10:25:00-04:00,
2024-08-18 10:27:30-04:00,
2024-08-18 10:30:00-04:00,
2024-08-18 10:32:30-04:00,
2024-08-18 10:35:00-04:00,
2024-08-18 10:37:30-04:00,
2024-08-18 10:40:00-04:00,
2024-08-18 10:42:30-04:00,
2024-08-18 10:45:00-04:00,
2024-08-18 10:47:30-04:00,
2024-08-18 10:50:00-04:00,
2024-08-18 10:52:30-04:00,
2024-08-18 10:55:00-04:00,
2024-08-18 10:57:30-04:00,
2024-08-18 11:00:00-04:00,
2024-08-18 11:02:30-04:00,
2024-08-18 11:05:00-04:00,
2024-08-18 11:07:30-04:00,
2024-08-18 11:10:00-04:00,
2024-08-18 11:12:30-04:00,
2024-08-18 11:15:00-04:00,
2024-08-18 11:17:30-04:00,
2024-08-18 11:20:00-04:00,
2024-08-18 11:22:30-04:00,
2024-08-18 11:25:00-04:00,
2024-08-18 11:27:30-04:00,
2024-08-18 11:30:00-04:00,
2024-08-18 11:32:30-04:00,
2024-08-18 11:35:00-04:00,
2024-08-18 11:37:30-04:00,
2024-08-18 11:40:00-04:00,
2024-08-18 11:42:30-04:00,
2024-08-18 11:45:00-04:00,
2024-08-18 11:47:30-04:00,
2024-08-18 11:50:00-04:00,
2024-08-18 11:52:30-04:00,
2024-08-18 11:55:00-04:00,
2024-08-18 11:57:30-04:00,
2024-08-18 12:00:00-04:00,
2024-08-18 12:02:30-04:00,
2024-08-18 12:05:00-04:00,
2024-08-18 12:07:30-04:00,
2024-08-18 12:10:00-04:00,
2024-08-18 12:12:30-04:00,
2024-08-18 12:15:00-04:00,
2024-08-18 12:17:30-04:00,
2024-08-18 12:20:00-04:00,
2024-08-18 12:22:30-04:00,
2024-08-18 12:25:00-04:00,
2024-08-18 12:27:30-04:00,
2024-08-18 12:30:00-04:00,
2024-08-18 12:32:30-04:00,
2024-08-18 12:35:00-04:00,
2024-08-18 12:37:30-04:00,
2024-08-18 12:40:00-04:00,
2024-08-18 12:42:30-04:00,
2024-08-18 12:45:00-04:00,
2024-08-18 12:47:30-04:00,
2024-08-18 12:50:00-04:00,
2024-08-18 12:52:30-04:00,
2024-08-18 12:55:00-04:00,
2024-08-18 12:57:30-04:00,
2024-08-18 13:00:00-04:00,
2024-08-18 13:02:30-04:00,
2024-08-18 13:05:00-04:00,
2024-08-18 13:07:30-04:00,
2024-08-18 13:10:00-04:00,
2024-08-18 13:12:30-04:00,
2024-08-18 13:15:00-04:00,
2024-08-18 13:17:30-04:00,
2024-08-18 13:20:00-04:00,
2024-08-18 13:22:30-04:00,
2024-08-18 13:25:00-04:00,
2024-08-18 13:27:30-04:00,
2024-08-18 13:30:00-04:00,
2024-08-18 13:32:30-04:00,
2024-08-18 13:35:00-04:00,
2024-08-18 13:37:30-04:00,
2024-08-18 13:40:00-04:00,
2024-08-18 13:42:30-04:00,
2024-08-18 13:45:00-04:00,
2024-08-18 13:47:30-04:00,
2024-08-18 13:50:00-04:00,
2024-08-18 13:52:30-04:00,
2024-08-18 13:55:00-04:00,
2024-08-18 13:57:30-04:00,
2024-08-18 14:00:00-04:00,
2024-08-18 14:02:30-04:00,
2024-08-18 14:05:00-04:00,
2024-08-18 14:07:30-04:00,
2024-08-18 14:10:00-04:00,
2024-08-18 14:12:30-04:00,
2024-08-18 14:15:00-04:00,
2024-08-18 14:17:30-04:00,
2024-08-18 14:20:00-04:00,
2024-08-18 14:22:30-04:00,
2024-08-18 14:25:00-04:00,
2024-08-18 14:27:30-04:00,
2024-08-18 14:30:00-04:00,
2024-08-18 14:32:30-04:00,
2024-08-18 14:35:00-04:00,
2024-08-18 14:37:30-04:00,
2024-08-18 14:40:00-04:00,
2024-08-18 14:42:30-04:00,
2024-08-18 14:45:00-04:00,
2024-08-18 14:47:30-04:00,
2024-08-18 14:50:00-04:00,
2024-08-18 14:52:30-04:00,
2024-08-18 14:55:00-04:00,
2024-08-18 14:57:30-04:00,
2024-08-18 15:00:00-04:00,
2024-08-18 15:02:30-04:00,
2024-08-18 15:05:00-04:00,
2024-08-18 15:07:30-04:00,
2024-08-18 15:10:00-04:00,
2024-08-18 15:12:30-04:00,
2024-08-18 15:15:00-04:00,
2024-08-18 15:17:30-04:00,
2024-08-18 15:20:00-04:00,
2024-08-18 15:22:30-04:00,
2024-08-18 15:25:00-04:00,
2024-08-18 15:27:30-04:00,
2024-08-18 15:30:00-04:00,
2024-08-18 15:32:30-04:00,
2024-08-18 15:35:00-04:00,
2024-08-18 15:37:30-04:00,
2024-08-18 15:40:00-04:00,
2024-08-18 15:42:30-04:00,
2024-08-18 15:45:00-04:00,
2024-08-18 15:47:30-04:00,
2024-08-18 15:50:00-04:00,
2024-08-18 15:52:30-04:00,
2024-08-18 15:55:00-04:00,
2024-08-18 15:57:30-04:00,
2024-08-18 16:00:00-04:00,
2024-08-18 16:02:30-04:00,
2024-08-18 16:05:00-04:00,
2024-08-18 16:07:30-04:00,
2024-08-18 16:10:00-04:00,
2024-08-18 16:12:30-04:00,
2024-08-18 16:15:00-04:00,
2024-08-18 16:17:30-04:00,
2024-08-18 16:20:00-04:00,
2024-08-18 16:22:30-04:00,
2024-08-18 16:25:00-04:00,
2024-08-18 16:27:30-04:00,
2024-08-18 16:30:00-04:00,
2024-08-18 16:32:30-04:00,
2024-08-18 16:35:00-04:00,
2024-08-18 16:37:30-04:00,
2024-08-18 16:40:00-04:00,
2024-08-18 16:42:30-04:00,
2024-08-18 16:45:00-04:00,
2024-08-18 16:47:30-04:00,
2024-08-18 16:50:00-04:00,
2024-08-18 16:52:30-04:00,
2024-08-18 16:55:00-04:00,
2024-08-18 16:57:30-04:00,
2024-08-18 17:00:00-04:00,
2024-08-18 17:02:30-04:00,
2024-08-18 17:05:00-04:00,
2024-08-18 17:07:30-04:00,
2024-08-18 17:10:00-04:00,
2024-08-18 17:12:30-04:00,
2024-08-18 17:15:00-04:00,
2024-08-18 17:17:30-04:00,
2024-08-18 17:20:00-04:00,
2024-08-18 17:22:30-04:00,
2024-08-18 17:25:00-04:00,
2024-08-18 17:27:30-04:00,
2024-08-18 17:30:00-04:00,
2024-08-18 17:32:30-04:00,
2024-08-18 17:35:00-04:00,
2024-08-18 17:37:30-04:00,
2024-08-18 17:40:00-04:00,
2024-08-18 17:42:30-04:00,
2024-08-18 17:45:00-04:00,
2024-08-18 17:47:30-04:00,
2024-08-18 17:50:00-04:00,
2024-08-18 17:52:30-04:00,
2024-08-18 17:55:00-04:00,
2024-08-18 17:57:30-04:00,
2024-08-18 18:00:00-04:00,
2024-08-18 18:02:30-04:00,
2024-08-18 18:05:00-04:00,
2024-08-18 18:07:30-04:00,
2024-08-18 18:10:00-04:00,
2024-08-18 18:12:30-04:00,
2024-08-18 18:15:00-04:00,
2024-08-18 18:17:30-04:00,
2024-08-18 18:20:00-04:00,
2024-08-18 18:22:30-04:00,
2024-08-18 18:25:00-04:00,
2024-08-18 18:27:30-04:00,
2024-08-18 18:30:00-04:00,
2024-08-18 18:32:30-04:00,
2024-08-18 18:35:00-04:00,
2024-08-18 18:37:30-04:00,
2024-08-18 18:40:00-04:00,
2024-08-18 18:42:30-04:00,
2024-08-18 18:45:00-04:00,
2024-08-18 18:47:30-04:00,
2024-08-18 18:50:00-04:00,
2024-08-18 18:52:30-04:00,
2024-08-18 18:55:00-04:00,
2024-08-18 18:57:30-04:00,
2024-08-18 19:00:00-04:00,
2024-08-18 19:02:30-04:00,
2024-08-18 19:05:00-04:00,
2024-08-18 19:07:30-04:00,
2024-08-18 19:10:00-04:00,
2024-08-18 19:12:30-04:00,
2024-08-18 19:15:00-04:00,
2024-08-18 19:17:30-04:00,
2024-08-18 19:20:00-04:00,
2024-08-18 19:22:30-04:00,
2024-08-18 19:25:00-04:00,
2024-08-18 19:27:30-04:00,
2024-08-18 19:30:00-04:00,
2024-08-18 19:32:30-04:00,
2024-08-18 19:35:00-04:00,
2024-08-18 19:37:30-04:00,
2024-08-18 19:40:00-04:00,
2024-08-18 19:42:30-04:00,
2024-08-18 19:45:00-04:00,
2024-08-18 19:47:30-04:00,
2024-08-18 19:50:00-04:00,
2024-08-18 19:52:30-04:00,
2024-08-18 19:55:00-04:00,
2024-08-18 19:57:30-04:00,
2024-08-18 20:00:00-04:00,
2024-08-18 20:02:30-04:00,
2024-08-18 20:05:00-04:00,
2024-08-18 20:07:30-04:00,
2024-08-18 20:10:00-04:00,
2024-08-18 20:12:30-04:00,
2024-08-18 20:15:00-04:00,
2024-08-18 20:17:30-04:00,
2024-08-18 20:20:00-04:00,
2024-08-18 20:22:30-04:00,
2024-08-18 20:25:00-04:00,
2024-08-18 20:27:30-04:00,
2024-08-18 20:30:00-04:00,
2024-08-18 20:32:30-04:00,
2024-08-18 20:35:00-04:00,
2024-08-18 20:37:30-04:00,
2024-08-18 20:40:00-04:00,
2024-08-18 20:42:30-04:00,
2024-08-18 20:45:00-04:00,
2024-08-18 20:47:30-04:00,
2024-08-18 20:50:00-04:00,
2024-08-18 20:52:30-04:00,
2024-08-18 20:55:00-04:00,
2024-08-18 20:57:30-04:00,
2024-08-18 21:00:00-04:00,
2024-08-18 21:02:30-04:00,
2024-08-18 21:05:00-04:00,
2024-08-18 21:07:30-04:00,
2024-08-18 21:10:00-04:00,
2024-08-18 21:12:30-04:00,
2024-08-18 21:15:00-04:00,
2024-08-18 21:17:30-04:00,
2024-08-18 21:20:00-04:00,
2024-08-18 21:22:30-04:00,
2024-08-18 21:25:00-04:00,
2024-08-18 21:27:30-04:00,
2024-08-18 21:30:00-04:00,
2024-08-18 21:32:30-04:00,
2024-08-18 21:35:00-04:00,
2024-08-18 21:37:30-04:00,
2024-08-18 21:40:00-04:00,
2024-08-18 21:42:30-04:00,
2024-08-18 21:45:00-04:00,
2024-08-18 21:47:30-04:00,
2024-08-18 21:50:00-04:00,
2024-08-18 21:52:30-04:00,
2024-08-18 21:55:00-04:00,
2024-08-18 21:57:30-04:00,
2024-08-18 22:00:00-04:00,
2024-08-18 22:02:30-04:00,
2024-08-18 22:05:00-04:00,
2024-08-18 22:07:30-04:00,
2024-08-18 22:10:00-04:00,
2024-08-18 22:12:30-04:00,
2024-08-18 22:15:00-04:00,
2024-08-18 22:17:30-04:00,
2024-08-18 22:20:00-04:00,
2024-08-18 22:22:30-04:00,
2024-08-18 22:25:00-04:00,
2024-08-18 22:27:30-04:00,
2024-08-18 22:30:00-04:00,
2024-08-18 22:32:30-04:00,
2024-08-18 22:35:00-04:00,
2024-08-18 22:37:30-04:00,
2024-08-18 22:40:00-04:00,
2024-08-18 22:42:30-04:00,
2024-08-18 22:45:00-04:00,
2024-08-18 22:47:30-04:00,
2024-08-18 22:50:00-04:00,
2024-08-18 22:52:30-04:00,
2024-08-18 22:55:00-04:00,
2024-08-18 22:57:30-04:00,
2024-08-18 23:00:00-04:00,
2024-08-18 23:02:30-04:00,
2024-08-18 23:05:00-04:00,
2024-08-18 23:07:30-04:00,
2024-08-18 23:10:00-04:00,
2024-08-18 23:12:30-04:00,
2024-08-18 23:15:00-04:00,
2024-08-18 23:17:30-04:00,
2024-08-18 23:20:00-04:00,
2024-08-18 23:22:30-04:00,
2024-08-18 23:25:00-04:00,
2024-08-18 23:27:30-04:00,
2024-08-18 23:30:00-04:00,
2024-08-18 23:32:30-04:00,
2024-08-18 23:35:00-04:00,
2024-08-18 23:37:30-04:00,
2024-08-18 23:40:00-04:00,
2024-08-18 23:42:30-04:00,
2024-08-18 23:45:00-04:00,
2024-08-18 23:47:30-04:00,
2024-08-18 23:50:00-04:00,
2024-08-18 23:52:30-04:00,
2024-08-18 23:55:00-04:00,
2024-08-18 23:57:30-04:00,
2024-08-19 00:00:00-04:00,
2024-08-19 00:02:30-04:00,
2024-08-19 00:05:00-04:00,
2024-08-19 00:07:30-04:00,
2024-08-19 00:10:00-04:00,
2024-08-19 00:12:30-04:00,
2024-08-19 00:15:00-04:00,
2024-08-19 00:17:30-04:00,
2024-08-19 00:20:00-04:00,
2024-08-19 00:22:30-04:00,
2024-08-19 00:25:00-04:00,
2024-08-19 00:27:30-04:00,
2024-08-19 00:30:00-04:00,
2024-08-19 00:32:30-04:00,
2024-08-19 00:35:00-04:00,
2024-08-19 00:37:30-04:00,
2024-08-19 00:40:00-04:00,
2024-08-19 00:42:30-04:00,
2024-08-19 00:45:00-04:00,
2024-08-19 00:47:30-04:00,
2024-08-19 00:50:00-04:00,
2024-08-19 00:52:30-04:00,
2024-08-19 00:55:00-04:00,
2024-08-19 00:57:30-04:00,
2024-08-19 01:00:00-04:00,
2024-08-19 01:02:30-04:00,
2024-08-19 01:05:00-04:00,
2024-08-19 01:07:30-04:00,
2024-08-19 01:10:00-04:00,
2024-08-19 01:12:30-04:00,
2024-08-19 01:15:00-04:00,
2024-08-19 01:17:30-04:00,
2024-08-19 01:20:00-04:00,
2024-08-19 01:22:30-04:00,
2024-08-19 01:25:00-04:00,
2024-08-19 01:27:30-04:00,
2024-08-19 01:30:00-04:00,
2024-08-19 01:32:30-04:00,
2024-08-19 01:35:00-04:00,
2024-08-19 01:37:30-04:00,
2024-08-19 01:40:00-04:00,
2024-08-19 01:42:30-04:00,
2024-08-19 01:45:00-04:00,
2024-08-19 01:47:30-04:00,
2024-08-19 01:50:00-04:00,
2024-08-19 01:52:30-04:00,
2024-08-19 01:55:00-04:00,
2024-08-19 01:57:30-04:00,
2024-08-19 02:00:00-04:00,
2024-08-19 02:02:30-04:00,
2024-08-19 02:05:00-04:00,
2024-08-19 02:07:30-04:00,
2024-08-19 02:10:00-04:00,
2024-08-19 02:12:30-04:00,
2024-08-19 02:15:00-04:00,
2024-08-19 02:17:30-04:00,
2024-08-19 02:20:00-04:00,
2024-08-19 02:22:30-04:00,
2024-08-19 02:25:00-04:00,
2024-08-19 02:27:30-04:00,
2024-08-19 02:30:00-04:00,
2024-08-19 02:32:30-04:00,
2024-08-19 02:35:00-04:00,
2024-08-19 02:37:30-04:00,
2024-08-19 02:40:00-04:00,
2024-08-19 02:42:30-04:00,
2024-08-19 02:45:00-04:00,
2024-08-19 02:47:30-04:00,
2024-08-19 02:50:00-04:00,
2024-08-19 02:52:30-04:00,
2024-08-19 02:55:00-04:00,
2024-08-19 02:57:30-04:00,
2024-08-19 03:00:00-04:00,
2024-08-19 03:02:30-04:00,
2024-08-19 03:05:00-04:00,
2024-08-19 03:07:30-04:00,
2024-08-19 03:10:00-04:00,
2024-08-19 03:12:30-04:00,
2024-08-19 03:15:00-04:00,
2024-08-19 03:17:30-04:00,
2024-08-19 03:20:00-04:00,
2024-08-19 03:22:30-04:00,
2024-08-19 03:25:00-04:00,
2024-08-19 03:27:30-04:00,
2024-08-19 03:30:00-04:00,
2024-08-19 03:32:30-04:00,
2024-08-19 03:35:00-04:00,
2024-08-19 03:37:30-04:00,
2024-08-19 03:40:00-04:00,
2024-08-19 03:42:30-04:00,
2024-08-19 03:45:00-04:00,
2024-08-19 03:47:30-04:00,
2024-08-19 03:50:00-04:00,
2024-08-19 03:52:30-04:00,
2024-08-19 03:55:00-04:00,
2024-08-19 03:57:30-04:00,
2024-08-19 04:00:00-04:00,
2024-08-19 04:02:30-04:00,
2024-08-19 04:05:00-04:00,
2024-08-19 04:07:30-04:00,
2024-08-19 04:10:00-04:00,
2024-08-19 04:12:30-04:00,
2024-08-19 04:15:00-04:00,
2024-08-19 04:17:30-04:00,
2024-08-19 04:20:00-04:00,
2024-08-19 04:22:30-04:00,
2024-08-19 04:25:00-04:00,
2024-08-19 04:27:30-04:00,
2024-08-19 04:30:00-04:00,
2024-08-19 04:32:30-04:00,
2024-08-19 04:35:00-04:00,
2024-08-19 04:37:30-04:00,
2024-08-19 04:40:00-04:00,
2024-08-19 04:42:30-04:00,
2024-08-19 04:45:00-04:00,
2024-08-19 04:47:30-04:00,
2024-08-19 04:50:00-04:00,
2024-08-19 04:52:30-04:00,
2024-08-19 04:55:00-04:00,
2024-08-19 04:57:30-04:00,
2024-08-19 05:00:00-04:00,
2024-08-19 05:02:30-04:00,
2024-08-19 05:05:00-04:00,
2024-08-19 05:07:30-04:00,
2024-08-19 05:10:00-04:00,
2024-08-19 05:12:30-04:00,
2024-08-19 05:15:00-04:00,
2024-08-19 05:17:30-04:00,
2024-08-19 05:20:00-04:00,
2024-08-19 05:22:30-04:00,
2024-08-19 05:25:00-04:00,
2024-08-19 05:27:30-04:00,
2024-08-19 05:30:00-04:00,
2024-08-19 05:32:30-04:00,
2024-08-19 05:35:00-04:00,
2024-08-19 05:37:30-04:00,
2024-08-19 05:40:00-04:00,
2024-08-19 05:42:30-04:00,
2024-08-19 05:45:00-04:00,
2024-08-19 05:47:30-04:00,
2024-08-19 05:50:00-04:00,
2024-08-19 05:52:30-04:00,
2024-08-19 05:55:00-04:00,
2024-08-19 05:57:30-04:00,
2024-08-19 06:00:00-04:00,
2024-08-19 06:02:30-04:00,
2024-08-19 06:05:00-04:00,
2024-08-19 06:07:30-04:00,
2024-08-19 06:10:00-04:00,
2024-08-19 06:12:30-04:00,
2024-08-19 06:15:00-04:00,
2024-08-19 06:17:30-04:00,
2024-08-19 06:20:00-04:00,
2024-08-19 06:22:30-04:00,
2024-08-19 06:25:00-04:00,
2024-08-19 06:27:30-04:00,
2024-08-19 06:30:00-04:00,
2024-08-19 06:32:30-04:00,
2024-08-19 06:35:00-04:00,
2024-08-19 06:37:30-04:00,
2024-08-19 06:40:00-04:00,
2024-08-19 06:42:30-04:00,
2024-08-19 06:45:00-04:00,
2024-08-19 06:47:30-04:00,
2024-08-19 06:50:00-04:00,
2024-08-19 06:52:30-04:00,
2024-08-19 06:55:00-04:00,
2024-08-19 06:57:30-04:00,
2024-08-19 07:00:00-04:00,
2024-08-19 07:02:30-04:00,
2024-08-19 07:05:00-04:00,
2024-08-19 07:07:30-04:00,
2024-08-19 07:10:00-04:00,
2024-08-19 07:12:30-04:00,
2024-08-19 07:15:00-04:00,
2024-08-19 07:17:30-04:00,
2024-08-19 07:20:00-04:00,
2024-08-19 07:22:30-04:00,
2024-08-19 07:25:00-04:00,
2024-08-19 07:27:30-04:00,
2024-08-19 07:30:00-04:00,
2024-08-19 07:32:30-04:00,
2024-08-19 07:35:00-04:00,
2024-08-19 07:37:30-04:00,
2024-08-19 07:40:00-04:00,
2024-08-19 07:42:30-04:00,
2024-08-19 07:45:00-04:00,
2024-08-19 07:47:30-04:00,
2024-08-19 07:50:00-04:00,
2024-08-19 07:52:30-04:00,
2024-08-19 07:55:00-04:00,
2024-08-19 07:57:30-04:00,
2024-08-19 08:00:00-04:00,
2024-08-19 08:02:30-04:00,
2024-08-19 08:05:00-04:00,
2024-08-19 08:07:30-04:00,
2024-08-19 08:10:00-04:00,
2024-08-19 08:12:30-04:00,
2024-08-19 08:15:00-04:00,
2024-08-19 08:17:30-04:00,
2024-08-19 08:20:00-04:00,
2024-08-19 08:22:30-04:00,
2024-08-19 08:25:00-04:00,
2024-08-19 08:27:30-04:00,
2024-08-19 08:30:00-04:00,
2024-08-19 08:32:30-04:00,
2024-08-19 08:35:00-04:00,
2024-08-19 08:37:30-04:00,
2024-08-19 08:40:00-04:00,
2024-08-19 08:42:30-04:00,
2024-08-19 08:45:00-04:00,
2024-08-19 08:47:30-04:00,
2024-08-19 08:50:00-04:00,
2024-08-19 08:52:30-04:00,
2024-08-19 08:55:00-04:00,
2024-08-19 08:57:30-04:00,
2024-08-19 09:00:00-04:00,
2024-08-19 09:02:30-04:00,
2024-08-19 09:05:00-04:00,
2024-08-19 09:07:30-04:00,
2024-08-19 09:10:00-04:00,
2024-08-19 09:12:30-04:00,
2024-08-19 09:15:00-04:00,
2024-08-19 09:17:30-04:00,
2024-08-19 09:20:00-04:00,
2024-08-19 09:22:30-04:00,
2024-08-19 09:25:00-04:00,
2024-08-19 09:27:30-04:00,
2024-08-19 09:30:00-04:00,168.5093994140625
2024-08-19 09:32:30-04:00,168.58999633789062
2024-08-19 09:35:00-04:00,168.5399932861328
2024-08-19 09:37:30-04:00,168.5500030517578
2024-08-19 09:40:00-04:00,168.3699951171875
2024-08-19 09:42:30-04:00,168.33999633789062
2024-08-19 09:45:00-04:00,168.36000061035156
2024-08-19 09:47:30-04:00,168.3699951171875
2024-08-19 09:50:00-04:00,168.6199951171875
2024-08-19 09:52:30-04:00,168.72999572753906
2024-08-19 09:55:00-04:00,168.72999572753906
2024-08-19 09:57:30-04:00,168.92999267578125
2024-08-19 10:00:00-04:00,168.97999572753906
2024-08-19 10:02:30-04:00,168.9499969482422
2024-08-19 10:05:00-04:00,169.0850067138672
2024-08-19 10:07:30-04:00,169.1199951171875
2024-08-19 10:10:00-04:00,168.96499633789062
2024-08-19 10:12:30-04:00,168.8800048828125
2024-08-19 10:15:00-04:00,168.69000244140625
2024-08-19 10:17:30-04:00,168.71499633789062
2024-08-19 10:20:00-04:00,168.68499755859375
2024-08-19 10:22:30-04:00,168.88999938964844
2024-08-19 10:25:00-04:00,168.94000244140625
2024-08-19 10:27:30-04:00,168.92999267578125
2024-08-19 10:30:00-04:00,168.89999389648438
2024-08-19 10:32:30-04:00,168.93499755859375
2024-08-19 10:35:00-04:00,169.05999755859375
2024-08-19 10:37:30-04:00,168.99000549316406
2024-08-19 10:40:00-04:00,169.04409790039062
2024-08-19 10:42:30-04:00,168.97999572753906
2024-08-19 10:45:00-04:00,168.89999389648438
2024-08-19 10:47:30-04:00,168.82000732421875
2024-08-19 10:50:00-04:00,168.72500610351562
2024-08-19 10:52:30-04:00,168.9600067138672
2024-08-19 10:55:00-04:00,168.9949951171875
2024-08-19 10:57:30-04:00,169.0800018310547
2024-08-19 11:00:00-04:00,169.10499572753906
2024-08-19 11:02:30-04:00,169.10000610351562
2024-08-19 11:05:00-04:00,169.11000061035156
2024-08-19 11:07:30-04:00,168.9949951171875
2024-08-19 11:10:00-04:00,169.03500366210938
2024-08-19 11:12:30-04:00,169.0500030517578
2024-08-19 11:15:00-04:00,169.07000732421875
2024-08-19 11:17:30-04:00,169.0399932861328
2024-08-19 11:20:00-04:00,168.9499969482422
2024-08-19 11:22:30-04:00,168.9199981689453
2024-08-19 11:25:00-04:00,168.86000061035156
2024-08-19 11:27:30-04:00,168.77999877929688
2024-08-19 11:30:00-04:00,168.8300018310547
2024-08-19 11:32:30-04:00,168.7899932861328
2024-08-19 11:35:00-04:00,168.8000030517578
2024-08-19 11:37:30-04:00,168.75
2024-08-19 11:40:00-04:00,168.77499389648438
2024-08-19 11:42:30-04:00,168.75
2024-08-19 11:45:00-04:00,168.67999267578125
2024-08-19 11:47:30-04:00,168.75999450683594
2024-08-19 11:50:00-04:00,168.7899932861328
2024-08-19 11:52:30-04:00,168.7899932861328
2024-08-19 11:55:00-04:00,168.77000427246094
2024-08-19 11:57:30-04:00,168.82000732421875
2024-08-19 12:00:00-04:00,168.86500549316406
2024-08-19 12:02:30-04:00,168.82000732421875
2024-08-19 12:05:00-04:00,168.92999267578125
2024-08-19 12:07:30-04:00,169.02000427246094
2024-08-19 12:10:00-04:00,168.94000244140625
2024-08-19 12:12:30-04:00,168.94000244140625
2024-08-19 12:15:00-04:00,168.88999938964844
2024-08-19 12:17:30-04:00,168.86000061035156
2024-08-19 12:20:00-04:00,168.9398956298828
2024-08-19 12:22:30-04:00,168.85000610351562
2024-08-19 12:25:00-04:00,168.8800048828125
2024-08-19 12:27:30-04:00,168.875
2024-08-19 12:30:00-04:00,168.94000244140625
2024-08-19 12:32:30-04:00,169.01499938964844
2024-08-19 12:35:00-04:00,169.0
2024-08-19 12:37:30-04:00,169.0050048828125
2024-08-19 12:40:00-04:00,168.97000122070312
2024-08-19 12:42:30-04:00,169.02999877929688
2024-08-19 12:45:00-04:00,169.03500366210938
2024-08-19 12:47:30-04:00,169.05999755859375
2024-08-19 12:50:00-04:00,169.0500030517578
2024-08-19 12:52:30-04:00,169.07000732421875
2024-08-19 12:55:00-04:00,169.2100067138672
2024-08-19 12:57:30-04:00,169.1999969482422
2024-08-19 13:00:00-04:00,169.0800018310547
2024-08-19 13:02:30-04:00,169.03500366210938
2024-08-19 13:05:00-04:00,169.02999877929688
2024-08-19 13:07:30-04:00,168.9600067138672
2024-08-19 13:10:00-04:00,168.92999267578125
2024-08-19 13:12:30-04:00,168.91000366210938
2024-08-19 13:15:00-04:00,168.8300018310547
2024-08-19 13:17:30-04:00,168.85000610351562
2024-08-19 13:20:00-04:00,168.79379272460938
2024-08-19 13:22:30-04:00,168.75
2024-08-19 13:25:00-04:00,168.6999969482422
2024-08-19 13:27:30-04:00,168.6999969482422
2024-08-19 13:30:00-04:00,168.6999969482422
2024-08-19 13:32:30-04:00,168.5800018310547
2024-08-19 13:35:00-04:00,168.52059936523438
2024-08-19 13:37:30-04:00,168.66000366210938
2024-08-19 13:40:00-04:00,168.6649932861328
2024-08-19 13:42:30-04:00,168.64999389648438
2024-08-19 13:45:00-04:00,168.69000244140625
2024-08-19 13:47:30-04:00,168.67010498046875
2024-08-19 13:50:00-04:00,168.7050018310547
2024-08-19 13:52:30-04:00,168.69000244140625
2024-08-19 13:55:00-04:00,168.7899932861328
2024-08-19 13:57:30-04:00,168.83999633789062
2024-08-19 14:00:00-04:00,168.80999755859375
2024-08-19 14:02:30-04:00,168.80999755859375
2024-08-19 14:05:00-04:00,168.75999450683594
2024-08-19 14:07:30-04:00,168.72999572753906
2024-08-19 14:10:00-04:00,168.52000427246094
2024-08-19 14:12:30-04:00,168.52000427246094
2024-08-19 14:15:00-04:00,168.55499267578125
2024-08-19 14:17:30-04:00,168.52000427246094
2024-08-19 14:20:00-04:00,168.60000610351562
2024-08-19 14:22:30-04:00,168.5800018310547
2024-08-19 14:25:00-04:00,168.55499267578125
2024-08-19 14:27:30-04:00,168.59500122070312
2024-08-19 14:30:00-04:00,168.49000549316406
2024-08-19 14:32:30-04:00,168.41000366210938
2024-08-19 14:35:00-04:00,168.57000732421875
2024-08-19 14:37:30-04:00,168.55999755859375
2024-08-19 14:40:00-04:00,168.61000061035156
2024-08-19 14:42:30-04:00,168.61000061035156
2024-08-19 14:45:00-04:00,168.57000732421875
2024-08-19 14:47:30-04:00,168.51499938964844
2024-08-19 14:50:00-04:00,168.5
2024-08-19 14:52:30-04:00,168.44000244140625
2024-08-19 14:55:00-04:00,168.5050048828125
2024-08-19 14:57:30-04:00,168.53500366210938
2024-08-19 15:00:00-04:00,168.42999267578125
2024-08-19 15:02:30-04:00,168.3800048828125
2024-08-19 15:05:00-04:00,168.39999389648438
2024-08-19 15:07:30-04:00,168.4600067138672
2024-08-19 15:10:00-04:00,168.4199981689453
2024-08-19 15:12:30-04:00,168.4499969482422
2024-08-19 15:15:00-04:00,168.44949340820312
2024-08-19 15:17:30-04:00,168.41000366210938
2024-08-19 15:20:00-04:00,168.41000366210938
2024-08-19 15:22:30-04:00,168.3699951171875
2024-08-19 15:25:00-04:00,168.41000366210938
2024-08-19 15:27:30-04:00,168.3800048828125
2024-08-19 15:30:00-04:00,168.3538055419922
2024-08-19 15:32:30-04:00,168.3699951171875
2024-08-19 15:35:00-04:00,168.52999877929688
2024-08-19 15:37:30-04:00,168.52999877929688
2024-08-19 15:40:00-04:00,168.38999938964844
2024-08-19 15:42:30-04:00,168.41000366210938
2024-08-19 15:45:00-04:00,168.52000427246094
2024-08-19 15:47:30-04:00,168.5
2024-08-19 15:50:00-04:00,168.49000549316406
2024-08-19 15:52:30-04:00,168.47000122070312
2024-08-19 15:55:00-04:00,168.32000732421875
2024-08-19 15:57:30-04:00,168.4199981689453
